Date,Population (x1000),New Vehicle Sales ($M),Consumer Credit ($B),New Houses Sales (x1000),US Dollar Index,Government Employees (x1000),Personal Income ($B),Avg New House Price ($),Industrial Production Index,Civilian Employment-Population ratio,Unemployment Rate,Date.year,Date.month,Date.day-of-month,Date.day-of-week
2013-05-17,,,,,77.8623,,,,,,,2013,5,17,5
2013-04-30,315928,14.867,,454,75.4857,21844,,330800,98.7439,58.6,7.5,2013,4,30,2
2013-03-31,315749,15.206,2807.4887,444,76.2336,21855,13630.4,286700,99.2747,58.5,7.6,2013,3,31,7
2013-02-28,315587,15.323,2799.5228,429,75.6341,21871,13599.5,314400,98.9583,58.6,7.7,2013,2,28,4
2013-01-31,315427,15.222,2780.8935,458,73.4087,21858,13448.3,306900,98.0631,58.6,7.9,2013,1,31,4
2012-12-31,315255,15.325,2768.2167,396,73.4362,21874,13955.5,299200,98.1884,58.6,7.8,2012,12,31,1
2012-11-30,315075,15.482,2753.8041,398,73.2978,21879,13597.6,290700,98.1118,58.7,7.8,2012,11,30,5
2012-10-31,314886,14.232,2739.9632,365,73.1491,21888,13452.4,285400,96.8409,58.7,7.9,2012,10,31,3
2012-09-30,314669,14.879,2723.7865,384,72.7187,21945,13446.0,297700,96.9549,58.7,7.8,2012,9,30,7
2012-08-31,314456,14.462,2713.9107,374,73.5926,21925,13395.7,305500,96.785,58.4,8.1,2012,8,31,5
2012-07-31,314250,14.041,2695.3429,369,74.5968,21891,13376.9,282300,97.5571,58.5,8.2,2012,7,31,2
2012-06-30,314049,14.334,2691.1149,360,74.4675,21915,13355.9,271800,97.1322,58.6,8.2,2012,6,30,6
2012-05-31,313865,13.897,2683.2997,369,75.6225,21906,13322.3,280900,97.1042,58.6,8.2,2012,5,31,4
2012-04-30,313682,14.081,2663.3786,352,72.2339,21933,13302.9,287900,96.8572,58.5,8.1,2012,4,30,1
2012-03-31,313503,14.088,2650.9276,349,72.6813,21941,13298.3,283600,96.1393,58.5,8.2,2012,3,31,6
2012-02-29,313341,14.429,2640.2726,366,72.0864,21944,13234.7,274000,96.6672,58.6,8.3,2012,2,29,3
2012-01-31,313182,13.929,2628.3579,338,72.5977,21938,13148.4,265700,96.1959,58.5,8.3,2012,1,31,2
2011-12-31,313009,13.566,2615.6548,341,73.3313,21950,13032.2,262900,95.5239,58.6,8.5,2011,12,31,6
2011-11-30,312830,13.51,2602.7075,328,72.3354,21969,12994.4,250000,94.9598,58.5,8.6,2011,11,30,3
2011-10-31,312640,13.294,2586.7618,316,70.4611,21992,13025.5,258300,94.7474,58.4,8.9,2011,10,31,1
2011-09-30,312423,13.093,2580.8235,304,72.7945,22000,12981.2,255400,94.2216,58.4,9.0,2011,9,30,5
2011-08-31,312210,12.419,2570.8415,299,68.7861,22031,12970.8,259300,94.1212,58.3,9.0,2011,8,31,3
2011-07-31,312005,12.362,2578.3085,296,68.2301,22028,12976.9,270300,93.6088,58.2,9.0,2011,7,31,7
2011-06-30,311806,11.68,2562.4611,301,69.0606,22156,12957.5,273100,93.0774,58.2,9.1,2011,6,30,4
2011-05-31,311624,11.871,2551.896,305,69.4152,22124,12931.7,262700,92.9126,58.4,9.0,2011,5,31,2
2011-04-30,311444,12.909,2543.5304,310,68.0809,22192,12927.5,268900,92.5765,58.4,9.0,2011,4,30,6
2011-03-31,311268,12.753,2538.9993,300,70.4523,22191,12884.4,260800,93.1137,58.4,8.9,2011,3,31,4
2011-02-28,311109,12.825,2531.772,270,71.1413,22209,12867.8,262800,92.1748,58.4,9.0,2011,2,28,1
2011-01-31,310952,12.512,2519.4557,307,72.0623,22256,12817.4,275700,92.6088,58.3,9.1,2011,1,31,1
2010-12-31,310774,12.51,2522.2283,326,73.1486,22267,12574.1,291700,92.7225,58.3,9.3,2010,12,31,5
2010-11-30,310590,12.194,2403.7364,287,74.7478,22286,12492.5,281700,91.8155,58.2,9.8,2010,11,30,2
2010-10-31,310396,12.196,2401.9459,291,72.093,22296,12463.2,254400,91.5685,58.3,9.5,2010,10,31,7
2010-09-30,310174,11.774,2393.5017,317,73.4925,22256,12415.4,270800,91.8829,58.5,9.5,2010,9,30,4
2010-08-31,309956,11.821,2389.5396,282,76.718,22412,12418.4,268800,91.6491,58.5,9.5,2010,8,31,2
2010-07-31,309746,11.675,2388.9421,283,75.4142,22578,12357.8,252100,91.4059,58.5,9.5,2010,7,31,6
2010-06-30,309545,11.39,2390.8817,305,78.7985,22767,12330.4,256700,90.8744,58.5,9.4,2010,6,30,3
2010-05-31,309362,11.716,2393.9423,280,79.1346,22991,12309.0,281100,90.6754,58.6,9.6,2010,5,31,1
2010-04-30,309180,11.099,2404.0145,422,75.8707,22572,12232.3,270500,89.2674,58.7,9.9,2010,4,30,5
2010-03-31,309212,11.474,2410.0951,381,75.402,22513,12144.2,262900,88.9705,58.5,9.9,2010,3,31,3
2010-02-28,309027,10.118,2406.9246,336,75.3209,22470,12077.4,284100,88.3021,58.5,9.8,2010,2,28,7
2010-01-31,308833,10.69,2416.5699,345,75.147,22484,12047.9,283400,87.964,58.5,9.8,2010,1,31,7
2009-12-31,308633,11.072,2420.1657,352,74.0583,22480,11938.3,278300,87.0436,58.3,9.9,2009,12,31,4
2009-11-30,308418,10.822,2427.8204,375,71.862,22533,11861.3,274700,86.6394,58.6,9.9,2009,11,30,1
2009-10-31,308189,10.374,2449.2389,396,73.3254,22520,11799.1,263800,86.2231,58.5,10.0,2009,10,31,6
2009-09-30,307946,9.346,2456.8776,386,73.6012,22457,11800.0,290300,85.9532,58.7,9.8,2009,9,30,3
2009-08-31,307685,14.564,2463.9622,418,75.1073,22528,11792.0,257800,85.3714,59.1,9.6,2009,8,31,1
2009-07-31,307439,11.37,2475.7939,411,75.0441,22516,11792.7,271100,84.4816,59.3,9.5,2009,7,31,5
2009-06-30,307206,9.953,2480.9765,393,77.7738,22585,11838.2,274800,83.7572,59.4,9.5,2009,6,30,2
2009-05-31,306984,9.99,2491.6251,376,76.214,22615,11977.1,274600,84.0667,59.6,9.4,2009,5,31,7
2009-04-30,306787,9.191,2496.7568,337,81.5724,22679,11822.7,269800,84.9332,59.8,9.0,2009,4,30,4
2009-03-31,306588,9.547,2504.2571,339,83.292,22562,11823.8,259800,85.6509,59.9,8.7,2009,3,31,2
2009-02-28,306402,9.021,2522.4956,372,85.1854,22580,11907.3,258600,86.9871,60.3,8.3,2009,2,28,6
2009-01-31,306208,9.571,2532.7571,336,82.8377,22583,12051.5,245200,87.5481,60.6,7.8,2009,1,31,6
2008-12-31,306004,10.129,2525.9135,377,79.5054,22556,12211.5,263100,89.5631,61.0,7.3,2008,12,31,3
2008-11-30,305786,10.251,2534.8699,389,83.3846,22560,12352.4,290100,92.1643,61.4,6.8,2008,11,30,7
2008-10-31,305554,10.663,2542.965,393,82.8645,22549,12456.2,274000,93.245,61.7,6.5,2008,10,31,5
2008-09-30,305309,12.675,2542.2034,433,76.234,22537,12513.9,287100,92.4795,61.9,6.1,2008,9,30,2
2008-08-31,305045,13.552,2550.8637,435,75.0566,22567,12528.1,265500,96.5457,62.0,6.1,2008,8,31,7
2008-07-31,304798,12.67,2559.3148,477,71.6586,22568,12497.8,301900,98.1182,62.2,5.8,2008,7,31,4
2008-06-30,304556,13.911,2556.4035,487,70.8853,22517,12621.9,299400,98.5639,62.4,5.6,2008,6,30,1
2008-05-31,304323,14.156,2551.9114,504,70.6726,22483,12636.6,298200,98.7652,62.5,5.4,2008,5,31,6
2008-04-30,304117,14.496,2549.1015,536,70.887,22450,12456.6,314300,99.2273,62.7,5.0,2008,4,30,3
2008-03-31,303907,14.887,2541.2048,535,70.2572,22443,12485.5,287600,100.0078,62.7,5.1,2008,3,31,1
2008-02-29,303711,15.459,2533.6937,593,70.9068,22417,12415.1,301200,100.3008,62.8,4.9,2008,2,29,5
2008-01-31,303506,15.489,2520.0745,627,72.4992,22388,12346.2,284600,100.4978,62.9,5.0,2008,1,31,4
2007-12-31,303287,15.725,2506.292,619,73.3739,22376,12227.2,284400,100.82,62.7,5.0,2007,12,31,1
2007-11-30,303054,16.042,2497.9266,641,73.1623,22334,12132.0,316800,100.8053,62.9,4.7,2007,11,30,5
2007-10-31,302807,16.129,2483.035,727,72.7703,22297,12065.1,310100,100.2223,62.7,4.7,2007,10,31,3
2007-09-30,302546,16.197,2471.1417,686,74.5122,22279,12024.5,292200,100.7148,62.9,4.7,2007,9,30,7
2007-08-31,302267,16.031,2457.9323,699,77.4978,22226,11931.9,301300,100.2699,62.7,4.6,2007,8,31,5
2007-07-31,302004,15.496,2439.3056,778,77.7449,22171,11906.9,307100,100.1435,62.9,4.7,2007,7,31,2
2007-06-30,301739,15.82,2423.664,793,78.7676,22207,11858.1,306500,100.1159,63.0,4.6,2007,6,30,6
2007-05-31,301483,16.295,2413.3466,842,79.0339,22193,11843.0,309700,100.1109,63.0,4.4,2007,5,31,4
2007-04-30,301254,16.212,2396.647,887,78.9834,22175,11815.8,311700,100.0512,63.0,4.5,2007,4,30,1
2007-03-31,301021,16.015,2388.4605,833,80.6048,22149,11788.2,329400,99.3295,63.3,4.4,2007,3,31,6
2007-02-28,300802,16.705,2376.5857,828,81.4693,22131,11713.8,321500,99.2559,63.3,4.5,2007,2,28,3
2007-01-31,300574,16.4,2365.8642,891,82.5968,22095,11640.7,314600,98.1608,63.3,4.6,2007,1,31,3
2006-12-31,300340,16.579,2361.8047,998,81.4967,22088,11590.3,301900,98.6314,63.4,4.4,2006,12,31,7
2006-11-30,300094,16.13,2347.7858,1003,80.3154,22083,11488.7,291800,97.6316,63.3,4.5,2006,11,30,4
2006-10-31,299835,16.324,2335.7286,941,81.5503,22068,11435.2,306800,97.7452,63.3,4.4,2006,10,31,2
2006-09-30,299554,16.419,2337.3225,1016,81.9728,22082,11386.2,296200,97.837,63.1,4.5,2006,9,30,6
2006-08-31,299263,15.901,2327.9398,1035,81.2534,22011,11338.0,317300,97.966,63.1,4.7,2006,8,31,4
2006-07-31,298996,17.125,2313.7593,965,81.5997,21973,11286.5,311300,97.7638,63.0,4.7,2006,7,31,1
2006-06-30,298739,16.349,2305.2047,1074,81.3458,21922,11259.6,305000,97.7165,63.1,4.6,2006,6,30,5
2006-05-31,298496,16.165,2317.23,1086,80.5186,21926,11191.1,293900,97.3416,63.1,4.6,2006,5,31,3
2006-04-30,298281,16.565,2307.0742,1123,81.8407,21919,11161.3,310300,97.4499,63.0,4.7,2006,4,30,7
2006-03-31,298060,16.408,2295.5017,1116,85.1822,21903,11086.7,298800,97.0741,63.1,4.7,2006,3,31,5
2006-02-28,297854,16.516,2286.2248,1061,84.7243,21878,11031.7,307900,96.8319,63.0,4.8,2006,2,28,2
2006-01-31,297647,17.57,2280.5717,1174,84.1472,21847,10961.6,301000,96.754,62.9,4.7,2006,1,31,2
2005-12-31,297431,16.696,2290.9281,1239,86.0342,21879,10795.0,290200,96.6602,62.8,4.9,2005,12,31,6
2005-11-30,297207,16.025,2283.6613,1214,86.3925,21859,10739.3,294400,96.1125,62.7,5.0,2005,11,30,3
2005-10-31,296972,14.847,2276.8431,1336,85.4879,21829,10688.2,293600,95.184,62.8,5.0,2005,10,31,1
2005-09-30,296707,16.427,2271.6333,1244,84.3848,21845,10633.3,299600,94.0153,62.8,5.0,2005,9,30,5
2005-08-31,296440,16.913,2267.0449,1255,83.8636,21863,10577.9,295000,95.8884,62.9,4.9,2005,8,31,3
2005-07-31,296186,20.606,2257.2309,1389,85.6039,21857,10521.2,289300,95.7684,62.8,5.0,2005,7,31,7
2005-06-30,295936,17.966,2247.8334,1274,85.3412,21763,10445.9,279600,95.9,62.7,5.0,2005,6,30,4
2005-05-31,295704,16.924,2232.6715,1286,84.6094,21781,10383.7,287400,95.5,62.8,5.1,2005,5,31,2
2005-04-30,295490,17.269,2232.5354,1260,82.3848,21754,10330.6,289100,95.326,62.7,5.2,2005,4,30,6
2005-03-31,295287,16.929,2220.1992,1328,81.7538,21740,10267.9,289600,95.2423,62.4,5.2,2005,3,31,4
2005-02-28,295105,16.402,2211.5587,1319,80.8062,21744,10239.9,289100,95.3015,62.4,5.4,2005,2,28,1
2005-01-31,294914,16.367,2196.7776,1203,81.6726,21735,10207.9,283000,94.7075,62.4,5.3,2005,1,31,1
2004-12-31,294694,17.637,2192.2462,1242,79.4921,21693,10453.1,284300,94.3195,62.4,5.4,2004,12,31,5
2004-11-30,294466,16.918,2183.7464,1179,79.9123,21692,10116.4,283200,93.6866,62.5,5.4,2004,11,30,2
2004-10-31,294230,17.056,2176.7193,1305,82.6318,21656,10099.6,289600,93.5,62.3,5.5,2004,10,31,7
2004-09-30,293971,17.431,2160.1483,1214,85.2069,21635,10038.8,269200,92.6156,62.3,5.4,2004,9,30,4
2004-08-31,293719,16.711,2143.4351,1175,86.8057,21626,10012.0,272200,92.5783,62.4,5.4,2004,8,31,2
2004-07-31,293463,16.87,2137.093,1088,87.821,21606,9946.4,279200,92.4141,62.5,5.5,2004,7,31,6
2004-06-30,293223,15.759,2127.9894,1180,87.3445,21601,9898.8,263200,91.6958,62.4,5.6,2004,6,30,3
2004-05-31,292997,17.756,2120.8392,1241,87.7241,21614,9862.0,260400,92.4272,62.3,5.6,2004,5,31,1
2004-04-30,292779,16.492,2112.7162,1186,88.8149,21614,9780.5,269300,91.7603,62.3,5.6,2004,4,30,5
2004-03-31,292561,16.839,2109.7203,1276,85.3924,21588,9722.7,261000,91.388,62.2,5.8,2004,3,31,3
2004-02-29,292368,16.633,2095.3404,1159,86.2933,21550,9674.1,264100,91.8804,62.3,5.6,2004,2,29,7
2004-01-31,292192,16.303,2088.243,1165,85.6256,21538,9642.6,262100,91.3636,62.3,5.7,2004,1,31,6
2003-12-31,292008,16.989,2077.3607,1129,84.8886,21546,9623.1,253900,91.0979,62.2,5.7,2003,12,31,3
2003-11-30,291807,17.199,2066.4001,1093,87.3516,21535,9590.3,268300,91.173,62.3,5.8,2003,11,30,7
2003-10-31,291574,16.145,2065.4951,1144,89.2011,21558,9521.5,242800,90.4884,62.1,6.0,2003,10,31,5
2003-09-30,291321,16.945,2057.0908,1131,90.1294,21504,9463.7,254500,90.5213,62.0,6.1,2003,9,30,2
2003-08-31,291072,17.927,2049.1243,1206,94.3472,21556,9414.7,241000,89.9743,62.1,6.1,2003,8,31,7
2003-07-31,290820,16.778,2040.0644,1168,94.4008,21633,9377.7,248400,90.0817,62.1,6.2,2003,7,31,4
2003-06-30,290584,16.686,2033.2684,1193,92.1044,21606,9367.2,239700,89.7652,62.3,6.3,2003,6,30,1
2003-05-31,290346,16.15,2027.5025,1078,91.6269,21567,9329.1,243700,89.7575,62.3,6.1,2003,5,31,6
2003-04-30,290125,16.43,2014.0998,1012,94.9397,21595,9266.9,237200,89.7698,62.4,6.0,2003,4,30,3
2003-03-31,289911,16.213,2001.2082,999,96.5995,21610,9238.9,231100,90.51,62.4,5.9,2003,3,31,1
2003-02-28,289714,15.837,1993.4057,936,97.3899,21624,9187.5,233400,90.6904,62.5,5.9,2003,2,28,5
2003-01-31,289518,16.421,1982.5613,999,98.3101,21626,9156.9,230200,90.3564,62.5,5.8,2003,1,31,5
2002-12-31,289313,17.6,1972.1122,1048,100.2585,21588,9154.5,237800,89.7289,62.4,6.0,2002,12,31,2
2002-11-30,289106,16.198,1965.1791,1024,103.1313,21581,9122.6,227100,90.1355,62.5,5.9,2002,11,30,6
2002-10-31,288870,15.926,1957.1513,1006,103.216,21559,9103.4,231300,89.6446,62.7,5.7,2002,10,31,4
2002-09-30,288618,16.323,1950.6514,1044,103.5594,21546,9083.6,215300,89.9425,63.0,5.7,2002,9,30,1
2002-08-31,288360,18.101,1947.5001,1014,102.9431,21589,9072.0,221300,89.8958,62.7,5.7,2002,8,31,6
2002-07-31,288105,17.828,1939.2114,956,103.5849,21544,9068.1,217800,89.7723,62.7,5.8,2002,7,31,3
2002-06-30,287864,16.629,1927.181,957,102.204,21549,9084.4,225200,90.0745,62.7,5.8,2002,6,30,7
2002-05-31,287623,15.841,1914.614,978,105.6464,21514,9057.8,226500,89.2026,62.9,5.8,2002,5,31,5
2002-04-30,287397,17.338,1903.958,936,108.9294,21443,9040.0,228100,88.7446,62.7,5.9,2002,4,30,2
2002-03-31,287190,16.778,1894.6903,923,111.7935,21431,8993.7,227100,88.3748,62.8,5.7,2002,3,31,7
2002-02-28,286994,17.004,1881.9054,948,112.6861,21390,8976.1,226500,87.7249,63.0,5.7,2002,2,28,4
2002-01-31,286788,16.22,1867.4187,880,112.8306,21377,8965.1,226900,87.76,62.7,5.7,2002,1,31,4
2001-12-31,286570,16.145,1867.8529,979,110.5361,21355,8930.7,228700,87.2224,62.9,5.7,2001,12,31,1
2001-11-30,286341,17.725,1857.8428,924,108.6796,21326,8909.8,206900,87.2008,63.0,5.5,2001,11,30,5
2001-10-31,286098,21.702,1829.8403,871,108.6579,21275,8896.3,207100,87.6738,63.2,5.3,2001,10,31,3
2001-09-30,285843,16.047,1814.2524,853,107.3118,21242,8871.6,203300,88.1055,63.5,5.0,2001,9,30,7
2001-08-31,285570,16.004,1806.359,866,106.6265,21218,8883.0,207500,88.3938,63.2,4.9,2001,8,31,5
2001-07-31,285309,16.118,1797.3506,880,109.1811,21185,8887.3,209300,88.6214,63.7,4.6,2001,7,31,2
2001-06-30,285062,17.093,1792.3681,882,110.3003,21137,8886.8,211700,89.0137,63.7,4.5,2001,6,30,6
2001-05-31,284810,16.497,1781.1775,885,109.8242,21029,8878.6,211400,89.6126,63.8,4.3,2001,5,31,4
2001-04-30,284581,16.526,1773.0983,909,108.4158,20992,8878.4,205500,90.2684,64.0,4.4,2001,4,30,1
2001-03-31,284350,16.861,1760.5418,939,110.2002,20945,8889.4,210200,90.5202,64.3,4.3,2001,3,31,6
2001-02-28,284137,17.424,1748.702,963,105.5073,20906,8862.0,211000,90.7666,64.3,4.2,2001,2,28,3
2001-01-31,283920,17.24,1729.8517,936,103.9769,20835,8825.6,209000,91.3166,64.4,4.2,2001,1,31,3
2000-12-31,283696,15.66,1716.9697,983,102.9843,20804,8730.4,208100,91.978,64.4,3.9,2000,12,31,7
2000-11-30,283453,16.284,1700.9445,880,106.4392,20760,8698.0,210700,92.2721,64.3,3.9,2000,11,30,4
2000-10-31,283201,17.223,1684.5993,933,106.5666,20743,8693.6,215100,92.2835,64.2,3.9,2000,10,31,2
2000-09-30,282932,18.184,1669.0008,912,104.07,20735,8683.6,208300,92.7005,64.2,3.9,2000,9,30,6
2000-08-31,282653,16.892,1651.6154,848,102.9537,20837,8641.3,200200,92.2519,64.2,4.1,2000,8,31,4
2000-07-31,282385,16.796,1629.7514,887,102.0888,20867,8607.7,202200,92.4984,64.2,4.0,2000,7,31,1
2000-06-30,282126,17.094,1609.548,793,99.9414,20887,8547.6,197700,92.7126,64.5,4.0,2000,6,30,5
2000-05-31,281877,17.397,1583.5079,857,101.6856,21147,8501.3,200000,92.6592,64.4,4.0,2000,5,31,3
2000-04-30,281653,17.53,1570.5277,841,101.8361,20802,8470.8,207300,92.5202,64.7,3.8,2000,4,30,7
2000-03-31,281409,17.895,1561.4507,900,98.0586,20733,8440.0,204900,91.9442,64.6,4.0,2000,3,31,5
2000-02-29,281190,18.919,1549.1853,856,99.3742,20599,8385.8,199200,91.5783,64.6,4.1,2000,2,29,2
2000-01-31,280976,18.229,1538.5202,873,98.1888,20571,8313.0,200300,91.2332,64.6,4.0,2000,1,31,1
1999-12-31,280716,17.797,1531.106,873,95.8083,20540,8201.0,202100,91.1624,64.4,4.0,1999,12,31,5
1999-11-30,280471,17.077,1525.3344,863,96.4453,20496,8107.1,211500,90.442,64.4,4.1,1999,11,30,2
1999-10-31,280203,17.138,1517.2818,872,95.2188,20457,8035.9,200200,89.992,64.3,4.1,1999,10,31,7
1999-09-30,279903,17.103,1511.0593,826,95.2238,20404,7969.5,194800,88.8555,64.2,4.2,1999,9,30,4
1999-08-31,279602,17.116,1503.2266,893,96.6992,20375,7944.2,193100,89.1042,64.2,4.2,1999,8,31,2
1999-07-31,279295,17.17,1492.3776,900,97.4724,20339,7894.8,189100,88.732,64.2,4.3,1999,7,31,6
1999-06-30,279001,16.842,1479.3153,923,99.5112,20272,7860.0,193900,88.1345,64.2,4.3,1999,6,30,3
1999-05-31,278717,17.051,1468.1466,888,98.9972,20229,7829.8,187900,88.3035,64.3,4.2,1999,5,31,1
1999-04-30,278451,16.41,1457.6706,918,97.9125,20237,7805.0,192200,87.6525,64.2,4.3,1999,4,30,5
1999-03-31,278198,16.322,1450.8788,863,97.96,20168,7779.5,189300,87.4504,64.2,4.2,1999,3,31,3
1999-02-28,277992,16.554,1441.3146,848,97.5429,20144,7763.5,191400,87.2633,64.2,4.4,1999,2,28,7
1999-01-31,277790,16.079,1431.2369,875,95.5994,20084,7739.6,182900,86.8865,64.4,4.3,1999,1,31,7
1998-12-31,277526,16.931,1420.9964,949,94.6153,20079,7708.7,183300,86.4992,64.3,4.4,1998,12,31,4
1998-11-30,277277,15.592,1408.4427,995,96.8244,20044,7688.5,178600,86.1935,64.2,4.4,1998,11,30,1
1998-10-31,277003,16.626,1405.3967,893,94.9459,20001,7653.6,182800,86.2691,64.1,4.5,1998,10,31,6
1998-09-30,276714,15.824,1397.2897,864,98.3854,19985,7620.2,182700,85.5895,64.2,4.6,1998,9,30,3
1998-08-31,276418,14.316,1386.6665,846,102.0295,19959,7596.1,186500,85.8655,63.9,4.5,1998,8,31,1
1998-07-31,276115,14.215,1380.7209,876,101.9395,19930,7555.1,179800,84.0818,64.0,4.5,1998,7,31,5
1998-06-30,275836,16.344,1373.9423,923,100.3247,19879,7521.3,175900,84.4407,64.0,4.5,1998,6,30,2
1998-05-31,275564,16.611,1363.0809,887,99.8518,19875,7481.9,183500,84.9363,64.1,4.4,1998,5,31,7
1998-04-30,275304,15.482,1360.4563,866,98.1488,19816,7436.1,176700,84.3708,64.1,4.3,1998,4,30,4
1998-03-31,275047,14.964,1332.9034,836,99.0531,19792,7397.7,178500,84.0506,64.0,4.7,1998,3,31,2
1998-02-28,274838,14.801,1324.3427,866,97.3987,19786,7348.3,181600,83.9956,64.0,4.6,1998,2,28,6
1998-01-31,274626,14.37,1320.044,872,98.597,19770,7297.1,178600,83.921,64.0,4.6,1998,1,31,6
1997-12-31,274372,16.068,1324.7573,793,97.9869,19766,7221.7,175800,83.5079,64.0,4.7,1997,12,31,3
1997-11-30,274126,15.429,1312.4572,864,96.3094,19761,7177.9,175400,83.2123,64.1,4.6,1997,11,30,7
1997-10-31,273852,15.039,1309.3894,800,93.8666,19738,7126.8,172900,82.4793,63.9,4.7,1997,10,31,5
1997-09-30,273553,14.711,1301.635,840,94.551,19679,7082.4,177500,81.919,63.9,4.9,1997,9,30,2
1997-08-31,273237,15.764,1294.2192,815,95.2904,19617,7044.4,170700,81.2117,63.9,4.8,1997,8,31,7
1997-07-31,272912,15.2,1288.782,805,95.1516,19686,6997.8,175500,80.1496,63.9,4.9,1997,7,31,4
1997-06-30,272622,14.179,1282.8585,793,92.587,19660,6960.9,179400,79.6636,63.7,5.0,1997,6,30,1
1997-05-31,272342,14.722,1278.6784,760,92.534,19601,6928.5,170700,79.3048,63.8,4.9,1997,5,31,6
1997-04-30,272083,14.694,1274.0874,744,95.4034,19603,6901.9,179500,78.7613,63.7,5.1,1997,4,30,3
1997-03-31,271821,15.442,1264.1463,831,93.1875,19608,6893.0,172700,78.726,63.6,5.2,1997,3,31,1
1997-02-28,271585,14.92,1261.8508,801,92.8091,19598,6854.9,171100,78.1257,63.4,5.2,1997,2,28,5
1997-01-31,271360,15.339,1258.3653,830,91.6567,19593,6818.8,171900,77.19,63.4,5.3,1997,1,31,5
1996-12-31,271125,14.825,1253.4371,805,88.4869,19571,6768.4,171800,77.1026,63.4,5.4,1996,12,31,2
1996-11-30,270878,15.384,1242.4219,771,87.7464,19565,6734.1,172000,76.6111,63.4,5.4,1996,11,30,6
1996-10-31,270581,14.96,1231.3361,720,87.4656,19554,6700.4,168400,75.9867,63.5,5.2,1996,10,31,4
1996-09-30,270284,15.168,1225.2718,770,87.9824,19567,6677.7,167400,75.9835,63.4,5.2,1996,9,30,1
1996-08-31,269976,15.114,1220.503,826,86.8052,19504,6638.8,159700,75.5821,63.3,5.1,1996,8,31,6
1996-07-31,269667,14.689,1211.8974,770,86.4925,19547,6609.5,168400,75.0932,63.3,5.5,1996,7,31,3
1996-06-30,269386,14.849,1200.95,721,87.6389,19528,6607.2,166500,75.1926,63.2,5.3,1996,6,30,7
1996-05-31,269108,15.609,1191.1137,746,87.5508,19529,6561.7,163300,74.5297,63.0,5.6,1996,5,31,5
1996-04-30,268853,15.099,1180.9031,736,87.0609,19515,6519.2,170000,74.0141,63.0,5.6,1996,4,30,2
1996-03-31,268595,15.665,1171.6843,721,86.6871,19532,6480.1,162100,73.3994,63.0,5.5,1996,3,31,7
1996-02-29,268364,15.202,1163.0938,769,86.4289,19485,6434.9,163700,73.5136,62.9,5.5,1996,2,29,4
1996-01-31,268151,14.437,1153.2703,714,87.4318,19450,6367.0,155300,72.3593,62.7,5.6,1996,1,31,3
1995-12-31,267943,15.869,1140.7444,709,85.2587,19466,6331.2,165600,72.8395,62.7,5.6,1995,12,31,7
1995-11-30,267715,15.021,1132.1602,664,85.213,19463,6303.2,160700,72.5587,62.8,5.6,1995,11,30,4
1995-10-31,267456,14.475,1113.5285,696,84.1289,19464,6279.8,156200,72.3714,62.9,5.5,1995,10,31,2
1995-09-30,267152,14.965,1106.6127,678,83.9326,19430,6254.9,155600,72.5002,62.9,5.6,1995,9,30,6
1995-08-31,266843,15.009,1089.6021,701,84.447,19429,6227.9,162000,72.2334,62.8,5.7,1995,8,31,4
1995-07-31,266557,14.332,1077.737,765,81.0703,19437,6208.3,154200,71.2942,62.8,5.7,1995,7,31,1
1995-06-30,266270,15.023,1069.3779,725,80.5655,19445,6181.8,160200,71.5697,62.7,5.6,1995,6,30,5
1995-05-31,265998,14.416,1057.4708,674,80.9097,19418,6155.9,158000,71.3093,62.7,5.6,1995,5,31,3
1995-04-30,265755,13.977,1043.6952,621,80.1784,19434,6146.3,157800,71.1219,63.1,5.8,1995,4,30,7
1995-03-31,265495,14.865,1033.6321,616,81.4678,19427,6128.2,153300,71.1524,63.1,5.4,1995,3,31,5
1995-02-28,265270,14.473,1018.5591,559,85.0448,19407,6106.4,160200,71.0389,63.1,5.4,1995,2,28,2
1995-01-31,265044,14.362,1010.395,626,86.8324,19397,6087.0,147400,71.0841,63.0,5.6,1995,1,31,2
1994-12-31,264804,15.196,997.3017,629,87.129,19388,6047.4,159600,70.9458,63.1,5.5,1994,12,31,6
1994-11-30,264559,15.5,981.4261,646,86.7294,19367,6020.2,155400,70.2129,63.0,5.6,1994,11,30,3
1994-10-31,264301,15.517,968.4687,715,84.3366,19344,6012.3,153000,69.7669,62.9,5.8,1994,10,31,1
1994-09-30,264017,14.911,957.3756,677,85.7119,19337,5953.6,157200,69.1631,62.7,5.9,1994,9,30,5
1994-08-31,263724,14.989,944.8032,656,87.2981,19306,5919.1,154900,68.944,62.6,6.0,1994,8,31,3
1994-07-31,263436,14.522,931.1347,628,87.6312,19301,5892.7,144400,68.5541,62.3,6.1,1994,7,31,7
1994-06-30,263152,14.763,924.216,621,87.1415,19274,5865.2,158400,68.446,62.3,6.1,1994,6,30,4
1994-05-31,262877,14.249,912.8637,691,89.8269,19264,5854.1,151800,67.994,62.5,6.1,1994,5,31,2
1994-04-30,262631,15.68,900.9895,692,89.3418,19223,5813.1,152900,67.6227,62.3,6.4,1994,4,30,6
1994-03-31,262352,14.974,891.3332,747,89.8155,19190,5735.9,152800,67.2653,62.1,6.5,1994,3,31,4
1994-02-28,262123,15.194,880.3529,686,90.2957,19150,5697.8,150700,66.5809,62.3,6.6,1994,2,28,1
1994-01-31,261919,15.035,872.0218,619,91.3088,19147,5686.5,153400,66.5468,62.2,6.6,1994,1,31,1
1993-12-31,261674,14.679,865.6506,812,92.492,19109,5847.4,146400,66.2804,62.0,6.5,1993,12,31,5
1993-11-30,261425,14.539,856.5234,769,91.9711,19068,5654.4,152500,65.948,61.9,6.6,1993,11,30,2
1993-10-31,261163,14.603,847.6166,704,90.8021,19042,5625.9,146900,65.6822,61.8,6.8,1993,10,31,7
1993-09-30,260867,13.676,840.603,726,89.7868,19041,5599.9,150100,65.2022,61.7,6.7,1993,9,30,4
1993-08-31,260566,13.276,834.2355,645,89.804,19028,5598.2,150600,64.8955,62.0,6.8,1993,8,31,2
1993-07-31,260255,14.143,829.5187,655,89.9627,19060,5581.3,143400,64.9215,61.8,6.9,1993,7,31,6
1993-06-30,259963,14.188,823.8118,653,89.3492,18969,5557.3,145700,64.7227,61.8,7.0,1993,6,30,3
1993-05-31,259680,14.212,819.7591,626,86.8859,18951,5561.3,152300,64.5884,61.7,7.1,1993,5,31,1
1993-04-30,259414,14.235,819.7569,701,87.7656,18938,5530.6,148400,64.816,61.5,7.1,1993,4,30,5
1993-03-31,259152,13.041,813.6563,602,89.3831,18907,5424.2,146600,64.6214,61.5,7.0,1993,3,31,3
1993-02-28,258919,12.698,814.0589,604,90.9603,18902,5422.1,149400,64.6457,61.4,7.1,1993,2,28,7
1993-01-31,258679,13.193,809.3254,596,91.5771,18901,5415.1,138900,64.4088,61.4,7.3,1993,1,31,7
1992-12-31,258413,13.514,806.1187,650,91.3742,18878,5621.4,146200,64.0921,61.4,7.4,1992,12,31,4
1992-11-30,258147,12.958,802.698,614,90.8709,18841,5434.2,147200,64.0769,61.4,7.4,1992,11,30,1
1992-10-31,257861,13.368,799.556,621,88.1263,18828,5417.2,148400,63.8104,61.3,7.3,1992,10,31,6
1992-09-30,257548,13.114,800.1989,650,83.9517,18829,5381.9,142200,63.3148,61.4,7.6,1992,9,30,3
1992-08-31,257232,12.62,799.8238,636,81.8608,18883,5381.2,145300,63.1787,61.6,7.6,1992,8,31,1
1992-07-31,256894,12.6,798.0682,627,84.1145,18817,5348.8,137700,63.4965,61.6,7.7,1992,7,31,5
1992-06-30,256589,13.317,797.2763,596,84.9416,18762,5330.0,146600,62.9521,61.5,7.8,1992,6,30,2
1992-05-31,256285,12.86,797.6679,554,87.2515,18753,5310.1,146000,62.9558,61.5,7.6,1992,5,31,7
1992-04-30,255992,12.31,797.6581,546,89.3241,18739,5280.3,145000,62.7326,61.6,7.4,1992,4,30,4
1992-03-31,255703,12.592,799.4421,554,89.2253,18715,5248.5,144800,62.2883,61.5,7.4,1992,3,31,2
1992-02-29,255448,12.698,799.6404,639,88.0975,18689,5227.1,144800,61.7969,61.3,7.4,1992,2,29,6
1992-01-31,255214,12.367,798.9827,676,86.5415,18688,5186.4,144200,61.3182,61.5,7.3,1992,1,31,5
1991-12-31,254964,12.42,798.029,558,84.1496,18641,5165.5,143000,61.7052,61.2,7.3,1991,12,31,2
1991-11-30,254718,12.364,798.275,575,87.0921,18627,5115.0,141700,61.931,61.4,7.0,1991,11,30,6
1991-10-31,254435,12.015,798.617,524,87.7238,18593,5097.9,147400,61.9979,61.5,7.0,1991,10,31,4
1991-09-30,254126,12.89,800.8893,487,88.0862,18543,5081.1,147300,62.1338,61.6,6.9,1991,9,30,1
1991-08-31,253807,12.352,802.0219,526,90.9433,18567,5048.0,141800,61.5969,61.5,6.9,1991,8,31,6
1991-07-31,253493,12.742,804.0276,511,91.2174,18598,5030.2,148200,61.5051,61.6,6.8,1991,7,31,3
1991-06-30,253207,12.505,805.9947,516,92.5918,18561,5036.6,145900,61.5212,61.7,6.9,1991,6,30,7
1991-05-31,252913,12.27,807.8322,517,90.9992,18498,5000.4,145400,60.924,61.6,6.9,1991,5,31,5
1991-04-30,252643,11.825,807.819,508,90.0887,18485,4980.5,150800,60.3174,62.0,6.7,1991,4,30,2
1991-03-31,252372,12.616,808.3518,507,90.6321,18488,4953.7,156400,60.2184,61.8,6.8,1991,3,31,7
1991-02-28,252135,12.175,807.0304,482,85.2172,18482,4940.8,147800,60.5331,61.9,6.6,1991,2,28,4
1991-01-31,251889,11.596,806.6005,401,84.0369,18474,4928.4,148600,60.924,62.0,6.4,1991,1,31,4
1990-12-31,251626,12.702,808.2306,464,85.3782,18468,4939.6,153400,61.1932,62.2,6.3,1990,12,31,1
1990-11-30,251346,12.877,813.6627,493,84.9262,18450,4915.7,143300,61.6223,62.3,6.2,1990,11,30,5
1990-10-31,251057,13.483,812.6551,465,84.5614,18443,4905.9,153000,62.3786,62.5,5.9,1990,10,31,3
1990-09-30,250751,14.025,810.4362,496,86.9195,18437,4914.4,142100,62.8545,62.5,5.9,1990,9,30,7
1990-08-31,250439,13.582,808.7586,528,87.9281,18457,4884.5,144700,62.7296,62.7,5.7,1990,8,31,5
1990-07-31,250132,13.789,806.8875,542,88.6981,18560,4879.0,149800,62.5518,62.8,5.5,1990,7,31,2
1990-06-30,249849,13.867,802.8927,545,92.0909,18556,4852.4,150400,62.6427,62.9,5.2,1990,6,30,6
1990-05-31,249565,13.743,799.751,534,93.398,18599,4820.4,150600,62.4423,63.1,5.4,1990,5,31,4
1990-04-30,249306,14.009,798.747,542,94.2117,18377,4815.1,153400,62.322,63.0,5.4,1990,4,30,1
1990-03-31,249012,14.203,798.7481,574,94.4002,18294,4773.1,144600,62.404,63.2,5.2,1990,3,31,6
1990-02-28,248827,14.066,798.7732,591,93.215,18177,4749.9,150900,62.0704,63.2,5.3,1990,2,28,3
1990-01-31,248659,16.01,797.7149,620,92.3441,18151,4710.6,151700,61.4958,63.2,5.4,1990,1,31,3
1989-12-31,248479,13.273,794.6122,630,92.1973,18075,4666.5,154300,61.8707,63.0,5.4,1989,12,31,7
1989-11-30,248281,13.068,790.2973,684,93.8116,18057,4648.7,151400,61.5088,63.0,5.4,1989,11,30,4
1989-10-31,248067,13.27,785.5457,645,94.8221,18033,4632.6,147800,61.3233,62.9,5.3,1989,10,31,2
1989-09-30,247816,15.361,781.8221,639,94.5714,18027,4596.3,151100,61.3895,62.8,5.3,1989,9,30,6
1989-08-31,247573,16.234,778.8765,697,96.9841,17989,4574.3,158600,61.5467,63.1,5.2,1989,8,31,4
1989-07-31,247342,14.389,776.2601,731,93.6028,17905,4564.0,140300,61.0181,63.0,5.2,1989,7,31,1
1989-06-30,247114,14.065,773.2271,642,97.5504,17912,4541.6,153600,61.6115,63.0,5.3,1989,6,30,5
1989-05-31,246906,14.942,769.2757,656,97.583,17876,4516.9,145100,61.5734,62.9,5.2,1989,5,31,3
1989-04-30,246721,15.698,764.7125,608,92.9974,17840,4519.1,144700,61.9874,62.9,5.2,1989,4,30,7
1989-03-31,246530,14.362,760.0183,567,93.296,17822,4506.5,149000,61.9629,62.9,5.0,1989,3,31,5
1989-02-28,246378,14.668,752.893,622,90.8016,17812,4471.8,145300,61.7888,62.9,5.2,1989,2,28,2
1989-01-31,246224,15.017,749.0231,719,91.745,17774,4451.4,138600,62.0475,62.9,5.4,1989,1,31,2
1988-12-31,246056,16.098,731.9178,658,89.0457,17736,4384.1,147700,61.8878,62.6,5.3,1988,12,31,6
1988-11-30,245884,15.038,729.6601,628,87.4363,17746,4341.2,137300,61.6195,62.7,5.3,1988,11,30,3
1988-10-31,245693,14.815,726.1053,718,90.1479,17670,4328.1,137300,61.5135,62.5,5.4,1988,10,31,1
1988-09-30,245464,14.71,722.9477,703,93.8293,17634,4292.9,142700,61.193,62.4,5.4,1988,9,30,5
1988-08-31,245240,15.078,721.5356,688,94.8793,17544,4267.7,140600,61.4037,62.4,5.6,1988,8,31,3
1988-07-31,245021,15.375,716.113,679,93.2583,17494,4249.2,141300,61.1463,62.3,5.4,1988,7,31,7
1988-06-30,244806,15.525,713.1892,717,92.5257,17515,4212.3,136500,61.0666,62.3,5.4,1988,6,30,4
1988-05-31,244610,15.606,710.0459,684,88.9839,17481,4181.8,133500,60.9173,62.0,5.6,1988,5,31,2
1988-04-30,244445,15.201,705.8681,699,87.9404,17452,4166.2,135000,60.9699,62.2,5.4,1988,4,30,6
1988-03-31,244279,15.848,700.7012,669,87.5322,17447,4142.4,133200,60.6476,61.9,5.7,1988,3,31,4
1988-02-29,244131,16.172,696.3873,663,90.0649,17389,4115.8,137600,60.5044,62.1,5.7,1988,2,29,1
1988-01-31,243981,15.77,692.271,585,90.0553,17365,4093.1,144400,60.26,62.0,5.7,1988,1,31,7
1987-12-31,243809,15.354,686.3188,595,86.7087,17347,4087.0,136200,60.2339,62.0,5.7,1987,12,31,4
1987-11-30,243639,14.227,684.71,625,90.7084,17299,4039.9,139200,59.9544,61.9,5.8,1987,11,30,1
1987-10-31,243446,13.975,681.1845,650,94.2983,17269,4015.3,125800,59.638,61.8,6.0,1987,10,31,6
1987-09-30,243223,15.82,676.2112,666,98.0353,17135,3973.8,133500,58.747,61.6,5.9,1987,9,30,3
1987-08-31,243012,16.786,672.2251,657,96.6803,17172,3956.4,128500,58.5913,61.8,6.0,1987,8,31,1
1987-07-31,242804,15.372,667.6598,658,99.5724,17160,3919.6,128600,58.1706,61.6,6.1,1987,7,31,5
1987-06-30,242608,15.341,662.8975,637,98.2825,17124,3895.9,135800,57.8001,61.4,6.2,1987,6,30,2
1987-05-31,242423,14.283,658.47,651,97.7714,17112,3883.4,126600,57.498,61.6,6.3,1987,5,31,7
1987-04-30,242252,15.167,656.4014,735,96.401,17109,3851.6,118100,57.1074,61.3,6.3,1987,4,30,4
1987-03-31,242079,15.017,651.1977,713,97.215,17064,3844.8,119500,56.7669,61.2,6.6,1987,3,31,2
1987-02-28,241930,14.83,652.5323,732,100.1421,17036,3824.6,121300,56.678,61.1,6.6,1987,2,28,6
1987-01-31,241784,12.155,653.2675,709,100.7167,17045,3800.1,122100,55.9547,61.0,6.6,1987,1,31,6
1986-12-31,241620,17.782,654.7502,784,104.0285,17021,3779.1,118900,56.1365,61.0,6.6,1986,12,31,3
1986-11-30,241467,14.545,653.7673,707,105.9482,17005,3765.6,113600,55.6496,60.9,6.9,1986,11,30,7
1986-10-31,241274,14.516,653.7873,669,108.0315,16969,3747.1,114900,55.3932,60.9,7.0,1986,10,31,5
1986-09-30,241068,21.221,646.0232,763,105.3153,16910,3738.1,114000,55.1398,60.8,7.0,1986,9,30,2
1986-08-31,240854,17.01,638.9044,621,105.2143,16800,3719.5,113200,55.0442,60.8,6.9,1986,8,31,7
1986-07-31,240651,15.471,635.151,698,105.7445,16779,3706.2,116800,55.1631,60.8,7.0,1986,7,31,4
1986-06-30,240459,15.637,630.0558,728,108.8562,16779,3686.6,110900,54.8093,60.7,7.2,1986,6,30,1
1986-05-31,240271,16.038,625.82,789,113.0405,16790,3668.8,114600,54.9861,60.5,7.2,1986,5,31,6
1986-04-30,240094,15.579,619.6577,857,108.4014,16765,3655.2,110300,54.8901,60.5,7.1,1986,4,30,3
1986-03-31,239928,13.9,613.3766,880,114.0194,16755,3653.2,108000,54.8525,60.5,7.2,1986,3,31,1
1986-02-28,239788,15.126,610.6783,728,113.6627,16759,3625.7,106600,55.1999,60.3,7.2,1986,2,28,5
1986-01-31,239638,15.781,605.703,733,118.5119,16715,3606.9,104100,55.6058,60.6,6.7,1986,1,31,5
1985-12-31,239477,15.387,599.7112,721,120.1155,16694,3596.4,106100,55.3344,60.4,7.0,1985,12,31,2
1985-11-30,239307,14.333,594.4778,733,120.5484,16674,3566.9,104100,54.7706,60.4,7.0,1985,11,30,6
1985-10-31,239113,13.887,588.3075,655,123.5172,16654,3549.8,102700,54.5836,60.3,7.1,1985,10,31,4
1985-09-30,238898,18.809,582.1484,678,125.6024,16638,3523.7,102600,54.8033,60.3,7.1,1985,9,30,1
1985-08-31,238679,16.633,573.2993,726,130.9901,16619,3503.2,99200,54.5721,60.0,7.1,1985,8,31,6
1985-07-31,238466,15.222,567.653,766,129.8125,16620,3494.2,99400,54.332,59.9,7.4,1985,7,31,3
1985-06-30,238270,14.8,561.2066,722,136.0706,16498,3489.1,99600,54.7111,59.8,7.4,1985,6,30,7
1985-05-31,238074,15.27,555.8421,678,137.637,16474,3471.0,98100,54.6728,60.1,7.2,1985,5,31,5
1985-04-30,237900,15.224,549.3487,620,138.5926,16430,3460.8,104700,54.6038,60.1,7.3,1985,4,30,2
1985-03-31,237732,15.049,541.7572,671,138.0416,16395,3449.7,100900,54.7362,60.2,7.2,1985,3,31,7
1985-02-28,237602,15.432,532.4484,682,145.1828,16349,3436.4,96200,54.6703,60.0,7.2,1985,2,28,4
1985-01-31,237468,15.265,523.9794,645,139.0623,16336,3418.7,98300,54.4381,59.9,7.3,1985,1,31,4
1984-12-31,237316,14.306,517.279,597,137.7794,16282,3405.0,96300,54.5701,59.9,7.3,1984,12,31,1
1984-11-30,237159,14.444,510.1541,597,136.0704,16311,3371.8,101400,54.5132,59.8,7.2,1984,11,30,5
1984-10-31,236976,14.342,504.6587,687,134.3486,16274,3345.7,95700,54.3072,59.7,7.4,1984,10,31,3
1984-09-30,236760,13.662,498.4964,662,135.0727,16255,3345.4,101300,54.3806,59.7,7.3,1984,9,30,7
1984-08-31,236549,14.006,494.1176,567,130.4441,16224,3318.2,96900,54.4674,59.6,7.5,1984,8,31,5
1984-07-31,236348,14.455,487.1488,619,131.686,16172,3284.5,97100,54.4259,59.8,7.5,1984,7,31,2
1984-06-30,236160,14.394,480.9945,630,128.3474,16127,3260.0,98800,54.2465,59.9,7.2,1984,6,30,6
1984-05-31,235993,14.569,472.4443,615,125.6519,16103,3228.4,101900,54.0548,59.7,7.4,1984,5,31,4
1984-04-30,235839,14.094,462.1412,639,124.2837,16075,3216.8,96200,53.7883,59.3,7.7,1984,4,30,1
1984-03-31,235675,13.967,456.5502,641,121.656,16030,3182.8,97700,53.4583,59.1,7.8,1984,3,31,6
1984-02-29,235527,14.13,451.907,696,121.9296,16025,3153.7,94400,53.2113,59.1,7.8,1984,2,29,3
1984-01-31,235385,13.998,441.9911,691,125.6407,16010,3114.1,92200,52.9491,58.8,8.0,1984,1,31,2
1983-12-31,235235,14.278,437.0689,773,123.4477,16008,3083.5,91700,51.8982,58.8,8.3,1983,12,31,6
1983-11-30,235078,12.899,429.9774,644,122.7814,15997,3055.8,91400,51.6343,58.7,8.5,1983,11,30,3
1983-10-31,234907,13.103,423.773,632,121.6583,15986,3028.0,89500,51.4756,58.4,8.8,1983,10,31,1
1983-09-30,234701,12.258,417.8209,608,121.8423,16042,2995.5,97800,51.0627,58.4,9.2,1983,9,30,5
1983-08-31,234501,12.048,413.9936,572,124.2401,16016,2968.6,91300,50.2966,58.2,9.5,1983,8,31,3
1983-07-31,234307,12.733,409.4752,606,122.5051,16011,2956.2,89200,49.7548,58.1,9.4,1983,7,31,7
1983-06-30,234118,12.785,404.8326,651,120.4591,16020,2931.4,90900,49.0101,57.8,10.1,1983,6,30,4
1983-05-31,233922,11.865,399.9537,664,119.5606,16005,2920.2,88800,48.7457,57.3,10.1,1983,5,31,2
1983-04-30,233781,11.507,398.4267,638,118.9288,15990,2893.2,87600,48.4137,57.3,10.2,1983,4,30,6
1983-03-31,233613,10.832,395.5831,596,119.3866,16005,2878.4,86200,47.8323,57.1,10.3,1983,3,31,4
1983-02-28,233473,10.441,392.361,562,117.7879,16004,2861.1,86800,47.4359,57.1,10.4,1983,2,28,1
1983-01-31,233322,10.688,391.8277,582,118.396,16023,2854.4,87200,47.7233,57.2,10.4,1983,1,31,1
1982-12-31,233160,11.073,389.8487,521,115.5967,15981,2848.5,86700,46.8266,57.2,10.8,1982,12,31,5
1982-11-30,232993,11.866,386.7667,554,118.8069,15977,2829.6,87800,47.1694,57.3,10.8,1982,11,30,2
1982-10-31,232816,9.981,384.9672,480,122.8289,15956,2809.7,79900,47.3544,57.4,10.4,1982,10,31,7
1982-09-30,232599,10.958,384.3553,481,120.7381,15923,2794.3,79600,47.7652,57.6,10.1,1982,9,30,4
1982-08-31,232392,9.779,382.8626,407,119.0863,15930,2788.0,86500,47.9279,57.8,9.8,1982,8,31,2
1982-07-31,232188,9.585,382.4471,375,118.4111,15890,2779.1,86500,48.3296,57.7,9.8,1982,7,31,6
1982-06-30,231992,9.42,381.9856,370,118.7847,16016,2760.5,84900,48.4828,57.8,9.6,1982,6,30,3
1982-05-31,231809,10.9,380.4388,384,113.3145,16003,2751.8,86500,48.646,58.2,9.4,1982,5,31,1
1982-04-30,231645,9.541,378.6343,339,111.4619,16010,2733.4,85000,48.948,57.9,9.3,1982,4,30,5
1982-03-31,231470,10.457,376.8854,374,114.4161,16024,2714.4,83700,49.3759,58.1,9.0,1982,3,31,3
1982-02-28,231313,10.725,376.3771,365,111.7849,16011,2705.9,80700,49.7437,58.2,8.9,1982,2,28,7
1982-01-31,231157,10.075,375.1674,368,108.1311,16041,2686.7,78000,48.7888,58.2,8.6,1982,1,31,7
1981-12-31,230989,8.849,371.3014,457,105.2989,16073,2678.5,82800,49.7682,58.2,8.5,1981,12,31,4
1981-11-30,230822,9.294,371.7599,382,103.6375,16078,2674.2,85300,50.3243,58.6,8.3,1981,11,30,1
1981-10-31,230641,9.209,370.4567,356,107.6835,16069,2658.6,82500,50.8858,58.8,7.9,1981,10,31,6
1981-09-30,230412,10.863,369.5957,338,108.6599,16031,2653.9,81300,51.2438,58.7,7.6,1981,9,30,3
1981-08-31,230187,12.457,365.1545,378,109.5374,16110,2639.3,87000,51.5705,59.1,7.4,1981,8,31,1
1981-07-31,229966,10.206,364.6777,431,111.9061,16175,2612.8,82600,51.5741,59.1,7.2,1981,7,31,5
1981-06-30,229761,10.205,362.7435,415,107.7116,16159,2558.3,84700,51.252,59.0,7.5,1981,6,30,2
1981-05-31,229575,10.136,361.2328,467,105.8492,16198,2533.9,83600,51.0166,59.5,7.5,1981,5,31,7
1981-04-30,229403,10.212,359.1329,470,102.5625,16260,2514.8,84700,50.7052,59.6,7.2,1981,4,30,4
1981-03-31,229224,12.185,357.1271,514,99.8508,16292,2509.7,81600,50.9233,59.4,7.4,1981,3,31,2
1981-02-28,229071,12.116,354.745,510,100.2559,16346,2484.7,80000,50.6602,59.2,7.4,1981,2,28,6
1981-01-31,228937,11.036,353.0293,511,98.531,16360,2468.4,80700,50.8967,59.1,7.5,1981,1,31,6
1980-12-31,228779,10.718,351.9201,532,95.633,16373,2456.5,81400,51.18,59.0,7.2,1980,12,31,3
1980-11-30,228612,11.014,350.0045,562,96.4602,16391,2428.5,81800,50.8791,59.0,7.5,1980,11,30,7
1980-10-31,228417,11.146,349.5977,561,94.6719,16386,2399.5,77500,50.0159,58.9,7.5,1980,10,31,5
1980-09-30,228186,10.622,348.1631,596,93.3269,16330,2351.4,80100,49.3959,58.9,7.5,1980,9,30,2
1980-08-31,227953,10.86,347.546,659,93.5939,16410,2315.4,76000,48.6131,58.8,7.7,1980,8,31,7
1980-07-31,227726,11.381,347.0714,636,94.5254,16418,2290.4,76700,48.4736,58.8,7.8,1980,7,31,4
1980-06-30,227522,10.181,346.697,552,93.1982,16441,2256.7,75600,48.7957,58.9,7.6,1980,6,30,1
1980-05-31,227251,9.31,348.6445,469,94.0514,16454,2240.8,72800,49.3989,59.1,7.5,1980,5,31,6
1980-04-30,227061,10.198,351.2872,370,97.1869,16583,2231.1,74600,50.644,59.4,6.9,1980,4,30,3
1980-03-31,226849,11.797,353.0421,474,101.4051,16296,2227.8,71600,51.6878,59.7,6.3,1980,3,31,1
1980-02-29,226656,12.967,353.0562,541,96.9268,16226,2216.5,76600,51.847,60.0,6.3,1980,2,29,5
1980-01-31,226451,14.115,350.4757,592,95.4513,16201,2203.6,72400,51.8063,60.0,6.3,1980,1,31,4
1979-12-31,226243,13.198,348.5891,559,95.5974,16180,2181.1,72600,51.5847,60.1,6.0,1979,12,31,1
1979-11-30,226027,12.667,346.3894,597,96.836,16173,2155.2,74200,51.5484,60.0,5.9,1979,11,30,5
1979-10-31,225801,12.733,343.2513,670,97.7873,16136,2129.8,71500,51.6002,59.9,6.0,1979,10,31,3
1979-09-30,225547,13.953,339.4498,727,94.0669,16128,2105.7,76800,51.3239,60.0,5.9,1979,9,30,7
1979-08-31,225295,13.999,335.7855,729,94.8359,16229,2086.0,74000,51.252,59.8,6.0,1979,8,31,5
1979-07-31,225055,13.712,331.99,715,94.6967,16150,2067.4,71900,51.5907,60.0,5.7,1979,7,31,2
1979-06-30,224843,12.363,328.1727,700,95.1863,16045,2036.4,74300,51.6881,59.9,5.7,1979,6,30,6
1979-05-31,224632,13.966,325.1774,727,96.9721,15990,2019.7,71800,51.6752,59.8,5.6,1979,5,31,4
1979-04-30,224438,14.304,320.9449,748,96.4502,15977,2003.0,71000,51.2822,59.8,5.8,1979,4,30,1
1979-03-31,224235,14.839,317.2007,793,95.1299,15956,1997.2,68500,51.8417,60.0,5.8,1979,3,31,6
1979-02-28,224053,14.856,313.5238,723,95.1024,15947,1974.8,68700,51.6782,60.1,5.9,1979,2,28,3
1979-01-31,223865,14.626,309.9031,754,95.6582,15937,1958.0,67700,51.3846,59.9,5.9,1979,1,31,3
1978-12-31,223670,14.839,306.1004,805,93.3061,15911,1938.8,67400,51.7286,59.8,6.0,1978,12,31,7
1978-11-30,223477,15.015,302.7302,798,95.6955,15894,1919.3,66300,51.4378,59.8,5.9,1978,11,30,4
1978-10-31,223271,15.391,298.8125,872,89.585,15858,1902.3,65700,51.073,59.7,5.8,1978,10,31,2
1978-09-30,223053,14.195,296.1794,812,94.0831,15819,1880.9,64400,50.6615,59.5,6.0,1978,9,30,6
1978-08-31,222805,15.676,292.8131,756,94.3675,15891,1865.6,63000,50.5155,59.4,5.9,1978,8,31,4
1978-07-31,222585,15.086,288.8055,789,94.4914,15901,1849.6,62900,50.3213,59.3,6.2,1978,7,31,1
1978-06-30,222379,15.868,285.1008,834,97.2141,15852,1828.3,63200,50.3438,59.5,5.9,1978,6,30,5
1978-05-31,222176,15.83,279.2566,857,99.7587,15834,1810.0,62300,49.9957,59.3,6.0,1978,5,31,3
1978-04-30,221991,15.757,274.137,864,100.343,15797,1794.9,59300,49.8095,59.2,6.1,1978,4,30,7
1978-03-31,221792,14.714,270.2628,814,99.6067,15731,1770.4,59900,48.8332,58.8,6.3,1978,3,31,5
1978-02-28,221629,13.969,265.738,791,99.9995,15671,1748.1,59100,47.9159,58.8,6.3,1978,2,28,2
1978-01-31,221477,13.334,262.7653,795,101.2251,15611,1732.4,58500,47.6711,58.8,6.4,1978,1,31,2
1977-12-31,221303,14.789,260.5627,835,100.8216,15538,1727.9,57600,48.3308,58.7,6.4,1977,12,31,6
1977-11-30,221109,14.396,258.7729,829,103.7886,15515,1714.9,57800,48.2611,58.6,6.8,1977,11,30,3
1977-10-31,220904,14.511,255.4156,819,104.4656,15463,1693.8,57200,48.2491,58.2,6.8,1977,10,31,1
1977-09-30,220688,14.274,251.2618,842,106.1961,15403,1668.4,53900,48.126,58.1,6.8,1977,9,30,5
1977-08-31,220458,14.488,248.4745,808,106.4037,15328,1650.9,54300,47.889,58.0,7.0,1977,8,31,3
1977-07-31,220239,14.306,245.4811,755,106.0766,15299,1636.0,53600,47.8684,57.8,6.9,1977,7,31,7
1977-06-30,220046,14.571,242.4086,805,106.1758,15207,1618.4,53900,47.7972,57.9,7.2,1977,6,30,4
1977-05-31,219859,14.605,239.0181,807,107.0045,15132,1606.6,54400,47.4442,57.8,7.0,1977,5,31,2
1977-04-30,219684,14.753,235.5941,799,106.8783,15075,1593.5,54600,47.0473,57.6,7.2,1977,4,30,6
1977-03-31,219504,14.782,232.3483,872,107.3685,15050,1575.9,51600,46.5966,57.4,7.4,1977,3,31,4
1977-02-28,219344,14.335,228.5282,839,107.4941,15056,1560.2,52600,46.0255,57.2,7.6,1977,2,28,1
1977-01-31,219179,14.019,225.7332,825,107.3655,15056,1543.6,50700,45.3563,57.0,7.5,1977,1,31,1
1976-12-31,219006,14.197,225.7216,767,106.8817,15075,1543.4,50600,45.6195,57.0,7.8,1976,12,31,5
1976-11-30,218834,13.006,222.8049,735,108.9908,15073,1531.4,50000,45.1501,57.0,7.8,1976,11,30,2
1976-10-31,218644,12.537,220.8671,708,106.6233,15028,1510.4,50400,44.494,56.9,7.7,1976,10,31,7
1976-09-30,218440,13.209,218.7088,696,105.7287,14971,1502.2,48200,44.4697,56.9,7.6,1976,9,30,4
1976-08-31,218233,12.594,216.5099,648,106.0974,15007,1492.3,48500,44.3343,57.0,7.8,1976,8,31,2
1976-07-31,218035,13.122,215.2727,664,106.3917,14993,1479.8,48000,44.0401,57.0,7.8,1976,7,31,6
1976-06-30,217861,12.727,213.2401,591,106.5931,14963,1462.4,49200,43.7814,56.8,7.6,1976,6,30,3
1976-05-31,217685,12.645,211.4074,570,107.4062,14971,1453.7,47500,43.7805,57.0,7.4,1976,5,31,1
1976-04-30,217528,12.915,210.5001,611,106.5717,14985,1444.0,46800,43.5819,56.8,7.7,1976,4,30,5
1976-03-31,217381,13.085,208.3386,591,106.097,14987,1434.4,46800,43.3203,56.7,7.6,1976,3,31,3
1976-02-29,217249,13.044,206.7093,644,105.2075,14981,1426.5,45900,43.2761,56.5,7.7,1976,2,29,7
1976-01-31,217095,12.512,205.5208,603,105.6619,14969,1415.3,45300,42.872,56.4,7.9,1976,1,31,6
1975-12-31,216931,,204.002,669,106.0276,14946,1399.8,45900,42.2509,56.1,8.2,1975,12,31,3
1975-11-30,216771,,201.4929,680,105.8047,14903,1389.7,43700,41.7229,56.0,8.3,1975,11,30,7
1975-10-31,216587,,200.4343,609,104.7411,14900,1380.0,43900,41.6199,56.1,8.4,1975,10,31,5
1975-09-30,216393,,199.429,556,106.4975,14824,1364.9,43400,41.4621,56.1,8.4,1975,9,30,2
1975-08-31,216195,,198.2116,566,104.8905,14870,1353.5,41200,40.9436,56.1,8.4,1975,8,31,7
1975-07-31,215973,,197.5794,569,104.4244,14861,1336.6,42300,40.5908,56.0,8.6,1975,7,31,4
1975-06-30,215768,,196.0434,557,101.2732,14784,1339.3,42500,40.1552,55.8,8.8,1975,6,30,1
1975-05-31,215523,,198.7372,579,99.9233,14827,1307.8,43200,39.8807,56.0,9.0,1975,5,31,6
1975-04-30,215353,,198.7429,543,100.2138,14795,1295.0,42000,39.9698,55.9,8.8,1975,4,30,3
1975-03-31,215198,,199.1099,477,99.4552,14754,1288.8,42100,39.947,56.0,8.6,1975,3,31,1
1975-02-28,215065,,199.5078,422,97.8221,14747,1284.0,40600,40.3683,56.1,8.1,1975,2,28,5
1975-01-31,214931,,199.0636,416,100.008,14624,1278.9,39500,41.3274,56.4,8.1,1975,1,31,5
1974-12-31,214782,,198.9178,417,100.9684,14559,1272.9,,41.8828,56.9,7.2,1974,12,31,2
1974-11-30,214625,,199.2547,450,102.0443,14532,1264.8,,43.4215,57.3,6.6,1974,11,30,6
1974-10-31,214451,,199.5348,448,102.8923,14484,1263.7,,44.9004,57.6,6.0,1974,10,31,4
1974-09-30,214246,,199.6171,511,103.467,14422,1251.4,,45.0701,57.7,5.9,1974,9,30,1
1974-08-31,214042,,199.3168,492,103.8198,14328,1240.7,,45.0367,57.8,5.5,1974,8,31,6
1974-07-31,213854,,198.2935,534,101.8692,14288,1233.7,,45.4636,58.0,5.5,1974,7,31,3
1974-06-30,213686,,196.8878,534,100.594,14239,1216.1,,45.4698,58.0,5.4,1974,6,30,7
1974-05-31,213513,,195.8699,590,99.9612,14221,1204.6,,45.5011,58.0,5.1,1974,5,31,5
1974-04-30,213361,,194.6036,544,99.05,14191,1191.6,,45.1762,58.0,5.1,1974,4,30,2
1974-03-31,213211,,193.358,572,99.8272,14152,1183.5,,45.2926,58.2,5.1,1974,3,31,7
1974-02-28,213074,,192.5154,539,102.4728,14135,1178.1,,45.2944,58.2,5.2,1974,2,28,4
1974-01-31,212932,,191.3125,523,105.0775,14090,1171.8,,45.428,58.2,5.1,1974,1,31,4
1973-12-31,212785,,190.0863,519,102.3204,14070,1169.1,,45.7546,58.2,4.9,1973,12,31,1
1973-11-30,212634,,189.3088,547,101.4103,14035,1162.8,,45.8713,58.2,4.8,1973,11,30,5
1973-10-31,212475,,187.4761,565,97.7895,13977,1150.3,,45.6448,58.1,4.6,1973,10,31,3
1973-09-30,212289,,185.3455,561,97.7211,13892,1133.2,,45.3328,57.9,4.8,1973,9,30,7
1973-08-31,212092,,184.3265,566,98.1774,13904,1121.9,,44.9305,57.8,4.8,1973,8,31,5
1973-07-31,211909,,182.3182,601,96.3768,13865,1111.7,,45.0052,57.9,4.8,1973,7,31,2
1973-06-30,211746,,180.4293,650,97.21,13872,1104.5,,44.8142,58.0,4.9,1973,6,30,6
1973-05-31,211577,,178.128,660,98.8659,13817,1095.1,,44.7958,57.7,4.9,1973,5,31,4
1973-04-30,211420,,175.7627,661,100.9402,13777,1084.8,,44.5048,57.7,5.0,1973,4,30,1
1973-03-31,211254,,173.9089,725,100.7986,13745,1074.2,,44.5794,57.8,4.9,1973,3,31,6
1973-02-28,211120,,171.6018,737,100.1502,13711,1065.3,,44.5663,57.5,5.0,1973,2,28,3
1973-01-31,210985,,169.2947,781,107.6609,13690,1053.7,,43.9067,57.1,4.9,1973,1,31,3
1972-12-31,210821,,166.1891,772,,13684,1053.4,,43.609,57.3,5.2,1972,12,31,7
1972-11-30,210656,,164.1016,735,,13643,1045.7,,43.1166,57.2,5.3,1972,11,30,4
1972-10-31,210479,,162.225,843,,13606,1031.4,,42.6136,57.0,5.6,1972,10,31,2
1972-09-30,210278,,160.5533,767,,13575,1008.0,,42.042,57.0,5.5,1972,9,30,6
1972-08-31,210075,,158.9394,773,,13530,999.8,,41.7243,57.1,5.6,1972,8,31,4
1972-07-31,209896,,157.2799,681,,13482,987.4,,41.1857,57.0,5.6,1972,7,31,1
1972-06-30,209725,,156.153,687,,13405,976.5,,41.2011,57.0,5.7,1972,6,30,5
1972-05-31,209545,,154.1995,677,,13416,973.4,,41.0952,57.0,5.7,1972,5,31,3
1972-04-30,209386,,152.322,684,,13358,967.5,,41.1121,56.9,5.7,1972,4,30,7
1972-03-31,209212,,150.7711,640,,13329,964.1,,40.6932,56.9,5.8,1972,3,31,5
1972-02-29,209061,,148.9245,711,,13298,957.7,,40.3863,56.7,5.7,1972,2,29,2
1972-01-31,208917,,147.6605,698,,13266,946.6,,40.0117,56.7,5.8,1972,1,31,1
1971-12-31,208740,,146.9302,689,,13190,937.2,,39.0717,56.8,6.0,1971,12,31,5
1971-11-30,208555,,145.6348,710,,13148,926.9,,38.6257,56.8,6.0,1971,11,30,2
1971-10-31,208345,,143.9268,647,,13115,919.7,,38.4625,56.6,5.8,1971,10,31,7
1971-09-30,208114,,142.7666,625,,13068,915.9,,38.1767,56.6,6.0,1971,9,30,4
1971-08-31,207881,,141.2521,659,,13041,912.4,,37.5662,56.6,6.1,1971,8,31,2
1971-07-31,207661,,139.908,706,,13011,905.1,,37.7855,56.5,6.0,1971,7,31,6
1971-06-30,207462,,138.7689,646,,13008,914.2,,37.8955,56.2,5.9,1971,6,30,3
1971-05-31,207260,,137.8409,618,,12970,893.5,,37.7372,56.6,5.9,1971,5,31,1
1971-04-30,207065,,136.9925,662,,12945,886.8,,37.5467,56.6,5.9,1971,4,30,5
1971-03-31,206855,,135.7363,681,,12908,880.2,,37.337,56.4,6.0,1971,3,31,3
1971-02-28,206668,,134.9329,618,,12877,874.7,,37.3775,56.6,5.9,1971,2,28,7
1971-01-31,206466,,134.1641,618,,12878,870.6,,37.4489,56.8,5.9,1971,1,31,7
1970-12-31,206238,,131.5516,582,,12845,860.9,,37.163,56.7,6.1,1970,12,31,4
1970-11-30,206024,,130.8074,570,,12830,854.7,,36.3287,56.9,5.9,1970,11,30,1
1970-10-31,205788,,131.1131,545,,12793,852.7,,36.5501,57.0,5.5,1970,10,31,6
1970-09-30,205540,,130.8508,564,,12741,853.2,,37.2962,57.0,5.4,1970,9,30,3
1970-08-31,205295,,130.1846,515,,12711,847.9,,37.5551,57.2,5.1,1970,8,31,1
1970-07-31,205052,,129.8569,481,,12697,843.0,,37.6221,57.4,5.0,1970,7,31,5
1970-06-30,204830,,129.1854,485,,12667,835.0,,37.53,57.3,4.9,1970,6,30,2
1970-05-31,204607,,128.534,466,,12668,834.5,,37.6518,57.5,4.8,1970,5,31,7
1970-04-30,204401,,128.3747,445,,12705,837.9,,37.6957,57.9,4.6,1970,4,30,4
1970-03-31,204156,,128.28,389,,12603,818.7,,37.7929,57.9,4.4,1970,3,31,2
1970-02-28,204008,,128.1912,373,,12518,814.5,,37.842,57.9,4.2,1970,2,28,6
1970-01-31,203849,,127.803,461,,12496,810.0,,37.867,58.0,3.9,1970,1,31,6
1969-12-31,203675,,127.1562,452,,12477,808.3,,38.5814,58.1,3.5,1969,12,31,3
1969-11-30,203500,,126.5692,441,,12448,803.5,,38.6852,58.1,3.5,1969,11,30,7
1969-10-31,203302,,126.0197,401,,12430,799.8,,39.0534,58.1,3.7,1969,10,31,5
1969-09-30,203090,,125.3191,396,,12379,795.1,,39.0419,58.1,3.7,1969,9,30,2
1969-08-31,202877,,124.6087,422,,12373,790.1,,39.0507,58.1,3.5,1969,8,31,7
1969-07-31,202677,,124.004,436,,12340,782.9,,38.9612,58.0,3.5,1969,7,31,4
1969-06-30,202507,,123.3807,461,,12359,775.0,,38.7565,58.0,3.5,1969,6,30,1
1969-05-31,202331,,122.5648,447,,12284,769.0,,38.3816,57.8,3.4,1969,5,31,6
1969-04-30,202161,,121.5237,450,,12245,763.1,,38.5272,57.9,3.4,1969,4,30,3
1969-03-31,202023,,120.4315,474,,12229,757.2,,38.6695,57.9,3.4,1969,3,31,1
1969-02-28,201881,,119.449,524,,12224,750.6,,38.3686,57.9,3.4,1969,2,28,5
1969-01-31,201760,,118.226,480,,12209,745.3,,38.1246,57.6,3.4,1969,1,31,5
1968-12-31,201621,,117.3991,511,,12145,741.6,,37.8954,57.7,3.4,1968,12,31,2
1968-11-30,201466,,116.1961,469,,12107,737.3,,37.7761,57.6,3.4,1968,11,30,6
1968-10-31,201290,,115.2283,502,,12101,731.8,,37.2937,57.5,3.4,1968,10,31,4
1968-09-30,201095,,113.7542,501,,12067,727.3,,37.2198,57.5,3.4,1968,9,30,1
1968-08-31,200898,,112.845,507,,12042,721.8,,37.0794,57.5,3.5,1968,8,31,6
1968-07-31,200706,,112.1237,493,,12018,715.9,,36.9762,57.6,3.7,1968,7,31,3
1968-06-30,200536,,111.0679,441,,11987,709.3,,37.033,57.8,3.7,1968,6,30,7
1968-05-31,200361,,110.377,441,,11905,704.1,,36.8974,57.8,3.5,1968,5,31,5
1968-04-30,200208,,109.5976,501,,11878,698.1,,36.4881,57.4,3.5,1968,4,30,2
1968-03-31,200056,,108.6891,490,,11842,692.4,,36.4354,57.4,3.7,1968,3,31,7
1968-02-29,199920,,107.9284,543,,11819,684.3,,36.322,57.3,3.8,1968,2,29,4
1968-01-31,199808,,106.7724,494,,11794,676.4,,36.1923,57.0,3.7,1968,1,31,3
1967-12-31,199657,,106.8426,502,,11735,672.2,,36.2313,57.6,3.8,1967,12,31,7
1967-11-30,199498,,106.2966,500,,11695,664.7,,35.8452,57.5,3.9,1967,11,30,4
1967-10-31,199311,,105.4407,566,,11642,658.5,,35.3398,57.5,4.0,1967,10,31,2
1967-09-30,199113,,105.1723,531,,11623,656.9,,35.0543,57.4,3.8,1967,9,30,6
1967-08-31,198911,,104.6775,504,,11590,654.7,,35.1114,57.4,3.8,1967,8,31,4
1967-07-31,198712,,104.0943,515,,11544,649.8,,34.4513,57.4,3.8,1967,7,31,1
1967-06-30,198537,,103.741,499,,11534,644.1,,34.5299,57.3,3.9,1967,6,30,5
1967-05-31,198363,,103.1514,503,,11474,639.4,,34.5343,57.0,3.8,1967,5,31,3
1967-04-30,198206,,102.8859,479,,11435,637.0,,34.8382,57.1,3.8,1967,4,30,7
1967-03-31,198037,,102.7322,439,,11397,636.4,,34.5127,56.8,3.8,1967,3,31,5
1967-02-28,197892,,102.3626,408,,11353,632.1,,34.7083,57.0,3.8,1967,2,28,2
1967-01-31,197736,,102.1986,416,,11315,630.9,,35.1065,57.1,3.9,1967,1,31,2
1966-12-31,197572,,101.7882,369,,11256,624.8,,34.9417,57.3,3.8,1966,12,31,6
1966-11-30,197398,,101.4374,382,,11203,623.8,,34.8612,57.4,3.6,1966,11,30,3
1966-10-31,197207,,100.9531,387,,11127,619.3,,35.1027,57.1,3.7,1966,10,31,1
1966-09-30,196984,,100.6725,358,,11063,614.8,,34.8612,57.1,3.7,1966,9,30,5
1966-08-31,196762,,100.5867,377,,11006,609.5,,34.5391,57.0,3.8,1966,8,31,3
1966-07-31,196560,,100.0614,435,,10974,604.1,,34.5123,56.9,3.8,1966,7,31,7
1966-06-30,196372,,99.7887,434,,10902,600.3,,34.3244,56.9,3.8,1966,6,30,4
1966-05-31,196178,,99.3054,499,,10821,595.7,,34.1634,56.7,3.9,1966,5,31,2
1966-04-30,195999,,98.8051,545,,10759,593.0,,33.8414,56.8,3.8,1966,4,30,6
1966-03-31,195831,,98.4464,557,,10692,591.1,,33.7877,56.6,3.8,1966,3,31,4
1966-02-28,195688,,97.7584,541,,10611,586.9,,33.3315,56.6,3.8,1966,2,28,1
1966-01-31,195539,,97.0307,599,,10541,582.1,,33.1168,56.7,4.0,1966,1,31,1
1965-12-31,195372,,95.9547,609,,10499,579.7,,32.7947,56.6,4.0,1965,12,31,5
1965-11-30,195195,,95.4053,616,,10436,574.7,,32.3922,56.4,4.1,1965,11,30,2
1965-10-31,194997,,94.8045,555,,10378,569.4,,32.258,56.4,4.2,1965,10,31,7
1965-09-30,194761,,94.1265,587,,10338,572.2,,31.936,56.2,4.3,1965,9,30,4
1965-08-31,194528,,93.2871,615,,10271,557.4,,31.8554,56.3,4.4,1965,8,31,2
1965-07-31,194303,,92.6946,554,,10201,555.0,,31.7212,56.5,4.4,1965,7,31,6
1965-06-30,194087,,91.8301,614,,10128,550.9,,31.426,56.1,4.6,1965,6,30,3
1965-05-31,193888,,90.8859,544,,10094,547.9,,31.1845,56.2,4.6,1965,5,31,1
1965-04-30,193709,,90.0474,555,,10051,543.9,,30.943,56.0,4.8,1965,4,30,5
1965-03-31,193540,,88.9161,556,,10010,540.5,,30.8088,55.9,4.7,1965,3,31,3
1965-02-28,193393,,88.152,559,,9974,537.4,,30.4063,55.7,5.1,1965,2,28,7
1965-01-31,193223,,87.1826,533,,9937,537.1,,30.2184,55.7,4.9,1965,1,31,7
1964-12-31,193039,,85.9596,540,,9897,533.1,,29.8963,55.6,5.0,1964,12,31,4
1964-11-30,192847,,84.944,548,,9879,527.0,,29.5475,55.7,4.8,1964,11,30,1
1964-10-31,192631,,84.5302,583,,9845,523.2,,28.6618,55.6,5.1,1964,10,31,6
1964-09-30,192376,,83.922,590,,9786,522.4,,29.0644,55.7,5.1,1964,9,30,3
1964-08-31,192131,,82.9731,582,,9732,519.5,,28.957,55.7,5.0,1964,8,31,1
1964-07-31,191889,,82.2945,575,,9677,515.4,,28.7692,55.7,4.9,1964,7,31,5
1964-06-30,191666,,81.4282,580,,9669,512.7,,28.5813,55.6,5.2,1964,6,30,2
1964-05-31,191447,,80.8345,523,,9670,509.9,,28.5008,56.1,5.1,1964,5,31,7
1964-04-30,191245,,79.9082,559,,9644,506.7,,28.3398,55.9,5.3,1964,4,30,4
1964-03-31,191047,,79.2404,562,,9611,503.3,,27.8836,55.5,5.4,1964,3,31,2
1964-02-29,190858,,78.3362,609,,9581,500.6,,27.8836,55.6,5.4,1964,2,29,6
1964-01-31,190668,,77.4614,549,,9562,497.9,,27.6957,55.3,5.6,1964,1,31,5
1963-12-31,190472,,76.5815,514,,9497,494.7,,27.4542,55.3,5.5,1963,12,31,2
1963-11-30,190265,,75.6069,579,,9484,490.2,,27.5078,55.4,5.7,1963,11,30,6
1963-10-31,190028,,75.113,567,,9479,488.6,,27.3737,55.5,5.5,1963,10,31,4
1963-09-30,189761,,74.1698,590,,9417,484.8,,27.1858,55.5,5.5,1963,9,30,1
1963-08-31,189496,,73.5762,570,,9368,481.7,,26.9174,55.4,5.4,1963,8,31,6
1963-07-31,189242,,72.7165,665,,9334,479.2,,26.8638,55.4,5.6,1963,7,31,3
1963-06-30,189018,,71.8756,526,,9302,478.1,,26.9711,55.3,5.6,1963,6,30,7
1963-05-31,188790,,71.3351,586,,9288,474.5,,26.8906,55.3,5.9,1963,5,31,5
1963-04-30,188580,,70.8016,605,,9264,471.9,,26.5686,55.5,5.7,1963,4,30,2
1963-03-31,188387,,70.0734,461,,9245,470.4,,26.327,55.3,5.7,1963,3,31,7
1963-02-28,188213,,69.3768,464,,9231,468.8,,26.166,55.1,5.9,1963,2,28,4
1963-01-31,188013,,68.6565,591,,9204,471.1,,25.8708,55.2,5.7,1963,1,31,4
1962-12-31,187796,,68.1267,,,9126,467.0,,25.6829,55.2,5.5,1962,12,31,1
1962-11-30,187574,,67.6421,,,9145,465.1,,25.6829,55.2,5.7,1962,11,30,5
1962-10-31,187323,,67.0289,,,9114,462.8,,25.5756,55.5,5.4,1962,10,31,3
1962-09-30,187058,,66.4383,,,9089,461.2,,25.5488,55.7,5.6,1962,9,30,7
1962-08-31,186790,,66.0551,,,9063,458.8,,25.3877,55.7,5.7,1962,8,31,5
1962-07-31,186538,,65.5122,,,9026,457.5,,25.3609,55.3,5.4,1962,7,31,2
1962-06-30,186314,,65.1374,,,9000,455.7,,25.1194,55.6,5.5,1962,6,30,6
1962-05-31,186087,,64.601,,,8958,454.3,,25.173,55.7,5.5,1962,5,31,4
1962-04-30,185874,,63.8669,,,8922,453.4,,25.1999,55.4,5.6,1962,4,30,1
1962-03-31,185650,,63.1286,,,8901,450.6,,25.1462,55.7,5.6,1962,3,31,6
1962-02-28,185452,,62.6404,,,8878,446.9,,25.012,55.7,5.5,1962,2,28,3
1962-01-31,185242,,62.2828,,,8851,443.7,,24.6095,55.4,5.8,1962,1,31,3
1961-12-31,185016,,62.2485,,,8836,443.5,,24.8242,55.3,6.0,1961,12,31,7
1961-11-30,184783,,61.7483,,,8812,440.9,,24.6095,55.5,6.1,1961,11,30,4
1961-10-31,184524,,61.1582,,,8805,436.7,,24.2337,55.3,6.5,1961,10,31,2
1961-09-30,184243,,60.8831,,,8796,432.5,,23.7775,55.0,6.7,1961,9,30,6
1961-08-31,183958,,60.6195,,,8764,431.4,,23.8043,55.3,6.6,1961,8,31,4
1961-07-31,183691,,60.396,,,8724,430.9,,23.5897,55.2,7.0,1961,7,31,1
1961-06-30,183452,,60.3348,,,8688,428.7,,23.3213,55.6,6.9,1961,6,30,5
1961-05-31,183217,,60.1797,,,8664,424.2,,22.9993,55.2,7.1,1961,5,31,3
1961-04-30,182992,,60.0759,,,8629,420.9,,22.6504,55.2,7.0,1961,4,30,7
1961-03-31,182742,,60.4555,,,8611,420.2,,22.1942,55.6,6.9,1961,3,31,5
1961-02-28,182520,,60.3101,,,8587,418.8,,22.0599,55.5,6.9,1961,2,28,2
1961-01-31,182287,,60.6719,,,8564,416.9,,22.0868,55.7,6.6,1961,1,31,2
1960-12-31,182042,,60.0253,,,8597,412.9,,22.0599,55.7,6.6,1960,12,31,6
1960-11-30,181796,,59.874,,,8516,415.0,,22.4894,56.1,6.1,1960,11,30,3
1960-10-31,181528,,59.629,,,8502,415.6,,22.8114,55.8,6.1,1960,10,31,1
1960-09-30,181238,,59.3647,,,8494,413.9,,22.8382,56.4,5.5,1960,9,30,5
1960-08-31,180945,,58.9472,,,8472,413.0,,23.0798,56.1,5.6,1960,8,31,3
1960-07-31,180671,,58.7467,,,8442,412.7,,23.1066,56.2,5.5,1960,7,31,7
1960-06-30,180444,,58.3871,,,8432,411.6,,23.1871,56.5,5.4,1960,6,30,4
1960-05-31,180222,,57.951,,,8432,411.3,,23.4823,56.4,5.1,1960,5,31,2
1960-04-30,180007,,57.7114,,,8534,410.0,,23.5092,56.4,5.2,1960,4,30,6
1960-03-31,179788,,56.8629,,,8525,407.2,,23.697,55.4,5.4,1960,3,31,4
1960-02-29,179597,,56.3646,,,8326,406.3,,23.9117,56.2,4.8,1960,2,29,1
1960-01-31,179386,,56.0156,,,8307,405.6,,24.1264,56.0,5.2,1960,1,31,7
1959-12-31,179153,,56.0107,,,8368,403.9,,23.5091,56.3,5.3,1959,12,31,4
1959-11-30,178921,,54.7948,,,8284,399.5,,22.1405,55.7,5.8,1959,11,30,1
1959-10-31,178657,,54.366,,,8265,396.2,,22.0063,56.1,5.7,1959,10,31,6
1959-09-30,178376,,53.6838,,,8239,394.4,,22.1673,56.0,5.5,1959,9,30,3
1959-08-31,178101,,53.0385,,,8181,393.2,,22.1941,56.1,5.2,1959,8,31,1
1959-07-31,177830,,52.3569,,,8173,394.9,,22.9724,56.3,5.1,1959,7,31,5
1959-06-30,177591,,51.6754,,,8143,394.4,,23.536,56.3,5.0,1959,6,30,2
1959-05-31,177365,,51.0072,,,8153,392.1,,23.5092,56.2,5.1,1959,5,31,7
1959-04-30,177146,,50.4634,,,8142,389.4,,23.1603,56.3,5.2,1959,4,30,4
1959-03-31,176905,,50.0077,,,8132,386.1,,22.6772,56.0,5.6,1959,3,31,2
1959-02-28,176685,,49.5137,,,8116,383.1,,22.3552,55.5,5.9,1959,2,28,6
1959-01-31,176447,,48.9612,,,8105,380.9,,21.9258,55.7,6.0,1959,1,31,6
1958-12-31,176207,,48.3944,,,8100,,,21.6037,55.5,6.2,1958,12,31,3
1958-11-30,175966,,47.9875,,,8028,,,21.5769,55.5,6.2,1958,11,30,7
1958-10-31,175697,,47.8232,,,8031,,,20.9596,55.6,6.7,1958,10,31,5
1958-09-30,175413,,47.7129,,,8016,,,20.7181,55.4,7.1,1958,9,30,2
1958-08-31,175143,,47.593,,,8012,,,20.5302,55.4,7.4,1958,8,31,7
1958-07-31,174882,,47.5523,,,7972,,,20.1277,55.2,7.5,1958,7,31,4
1958-06-30,174639,,47.5074,,,7926,,,19.8325,55.2,7.3,1958,6,30,1
1958-05-31,174397,,47.6183,,,7894,,,19.3226,55.4,7.4,1958,5,31,6
1958-04-30,174176,,47.6625,,,7868,,,19.1347,55.2,7.4,1958,4,30,3
1958-03-31,173945,,47.7734,,,7848,,,19.4568,55.3,6.7,1958,3,31,1
1958-02-28,173746,,48.0975,,,7832,,,19.6983,55.5,6.4,1958,2,28,5
1958-01-31,173533,,48.2925,,,7821,,,20.1277,55.9,5.8,1958,1,31,5
1957-12-31,173298,,48.0783,,,7846,,,20.5034,56.6,5.2,1957,12,31,2
1957-11-30,173070,,47.9597,,,7769,,,20.906,56.4,5.1,1957,11,30,6
1957-10-31,172816,,47.879,,,7768,,,21.4159,56.8,4.5,1957,10,31,4
1957-09-30,172538,,47.7415,,,7749,,,21.7379,57.0,4.4,1957,9,30,1
1957-08-31,172257,,47.6462,,,7757,,,21.9258,56.9,4.1,1957,8,31,6
1957-07-31,171984,,47.3685,,,7754,,,21.9258,57.5,4.2,1957,7,31,3
1957-06-30,171741,,47.0003,,,7702,,,21.7916,57.2,4.3,1957,6,30,7
1957-05-31,171501,,46.838,,,7713,,,21.7379,57.1,4.1,1957,5,31,5
1957-04-30,171271,,46.5174,,,7701,,,21.8184,57.2,3.9,1957,4,30,2
1957-03-31,171029,,46.2453,,,7672,,,22.1136,57.6,3.7,1957,3,31,7
1957-02-28,170806,,46.0422,,,7646,,,22.1405,57.5,3.9,1957,2,28,4
1957-01-31,170571,,45.7005,,,7620,,,21.9258,57.0,4.2,1957,1,31,4
1956-12-31,170315,,45.4482,,,7584,,,22.0063,57.3,4.2,1956,12,31,1
1956-11-30,170063,,45.4008,,,7553,,,21.6842,57.3,4.3,1956,11,30,5
1956-10-31,169780,,44.9342,,,7519,,,21.8721,57.5,3.9,1956,10,31,3
1956-09-30,169488,,44.779,,,7481,,,21.6842,57.6,3.9,1956,9,30,7
1956-08-31,169191,,44.4989,,,7451,,,21.2012,57.6,4.1,1956,8,31,5
1956-07-31,168903,,44.1734,,,7405,,,20.3692,57.5,4.4,1956,7,31,2
1956-06-30,168659,,44.0536,,,7367,,,21.0133,57.5,4.3,1956,6,30,6
1956-05-31,168436,,43.7996,,,7367,,,21.2012,57.6,4.3,1956,5,31,4
1956-04-30,168221,,43.384,,,7276,,,21.389,57.5,4.0,1956,4,30,1
1956-03-31,167977,,43.2053,,,7252,,,21.228,57.3,4.2,1956,3,31,6
1956-02-29,167746,,42.5611,,,7212,,,21.228,57.5,3.9,1956,2,29,3
1956-01-31,167513,,42.1201,,,7167,,,21.4159,57.8,4.0,1956,1,31,2
1955-12-31,167270,,41.869,,,7132,,,21.2817,57.7,4.2,1955,12,31,6
1955-11-30,167023,,41.3668,,,7083,,,21.2012,57.4,4.2,1955,11,30,3
1955-10-31,166755,,40.8337,,,7118,,,21.1475,57.2,4.3,1955,10,31,1
1955-09-30,166473,,40.3942,,,7067,,,20.7986,57.2,4.1,1955,9,30,5
1955-08-31,166192,,39.7328,,,7023,,,20.6644,57.1,4.2,1955,8,31,3
1955-07-31,165931,,39.0294,,,7049,,,20.6913,56.9,4.0,1955,7,31,7
1955-06-30,165695,,38.5367,,,7020,,,20.5303,56.3,4.2,1955,6,30,4
1955-05-31,165463,,37.7368,,,6991,,,20.5034,56.3,4.3,1955,5,31,2
1955-04-30,165251,,37.2352,,,6959,,,20.1814,56.2,4.7,1955,4,30,6
1955-03-31,165018,,36.5303,,,6938,,,19.9398,55.8,4.6,1955,3,31,4
1955-02-28,164809,,35.9254,,,6923,,,19.4836,55.7,4.7,1955,2,28,1
1955-01-31,164588,,35.3725,,,6953,,,19.2421,55.7,4.9,1955,1,31,1
1954-12-31,164349,,35.0283,,,6957,,,18.8127,55.2,5.0,1954,12,31,5
1954-11-30,164107,,34.6086,,,6964,,,18.5711,55.5,5.3,1954,11,30,2
1954-10-31,163847,,34.3634,,,6900,,,18.276,55.5,5.7,1954,10,31,7
1954-09-30,163570,,34.1373,,,6894,,,18.0613,55.5,6.1,1954,9,30,4
1954-08-31,163290,,34.0096,,,6892,,,18.0344,55.2,6.0,1954,8,31,2
1954-07-31,163026,,34.0572,,,6868,,,18.0612,55.0,5.8,1954,7,31,6
1954-06-30,162790,,33.8154,,,6846,,,18.0344,55.2,5.6,1954,6,30,3
1954-05-31,162564,,33.7048,,,6829,,,17.9807,55.4,5.9,1954,5,31,1
1954-04-30,162350,,33.7065,,,6806,,,17.8734,55.7,5.9,1954,4,30,5
1954-03-31,162124,,33.5077,,,6796,,,17.9807,55.7,5.7,1954,3,31,3
1954-02-28,161912,,33.7014,,,6783,,,18.0881,56.2,5.2,1954,2,28,7
1954-01-31,161690,,34.0649,,,6760,,,18.0344,55.7,4.9,1954,1,31,7
1953-12-31,161453,,33.6969,,,6743,,,18.1686,55.7,4.5,1953,12,31,4
1953-11-30,161223,,33.5583,,,6749,,,18.6248,56.5,3.5,1953,11,30,1
1953-10-31,160978,,33.4823,,,6764,,,19.0811,56.7,3.1,1953,10,31,6
1953-09-30,160718,,33.2557,,,6749,,,19.2421,56.8,2.9,1953,9,30,3
1953-08-31,160449,,33.0606,,,6754,,,19.6446,57.1,2.7,1953,8,31,1
1953-07-31,160184,,32.7923,,,6723,,,19.752,57.4,2.6,1953,7,31,5
1953-06-30,159956,,32.5016,,,6734,,,19.5104,57.4,2.5,1953,6,30,2
1953-05-31,159745,,32.4318,,,6717,,,19.591,57.1,2.5,1953,5,31,7
1953-04-30,159556,,32.1174,,,6770,,,19.4836,57.5,2.7,1953,4,30,4
1953-03-31,159349,,31.6393,,,6784,,,19.4031,58.1,2.6,1953,3,31,2
1953-02-28,159170,,30.8866,,,6797,,,19.2421,58.0,2.6,1953,2,28,6
1953-01-31,158973,,30.4795,,,6794,,,19.1347,57.8,2.9,1953,1,31,6
1952-12-31,158757,,29.6856,,,6935,,,19.081,57.6,2.7,1952,12,31,3
1952-11-30,158451,,29.0491,,,6801,,,18.9737,57.5,2.8,1952,11,30,7
1952-10-31,158306,,28.4966,,,6816,,,18.598,56.9,3.0,1952,10,31,5
1952-09-30,158053,,27.8698,,,6734,,,18.4101,57.4,3.1,1952,9,30,2
1952-08-31,157798,,27.4688,,,6718,,,17.766,56.8,3.4,1952,8,31,7
1952-07-31,157553,,27.2102,,,6737,,,16.6926,57.0,3.2,1952,7,31,4
1952-06-30,157343,,26.7624,,,6712,,,16.9609,57.3,3.0,1952,6,30,1
1952-05-31,157140,,26.1465,,,6694,,,17.122,57.3,3.0,1952,5,31,6
1952-04-30,156943,,25.5481,,,6662,,,17.283,57.1,2.9,1952,4,30,3
1952-03-31,156731,,25.1956,,,6662,,,17.444,57.1,2.9,1952,3,31,1
1952-02-29,156527,,25.1519,,,6650,,,17.3903,57.7,3.1,1952,2,29,5
1952-01-31,156309,,24.8019,,,6589,,,17.283,57.7,3.2,1952,1,31,4
1951-12-31,,,24.628,,,6688,,,17.0951,57.7,3.1,1951,12,31,1
1951-11-30,,,24.6397,,,6626,,,16.9878,57.1,3.5,1951,11,30,5
1951-10-31,,,24.288,,,6577,,,16.8536,57.3,3.5,1951,10,31,3
1951-09-30,,,24.0983,,,6552,,,16.8804,57.1,3.3,1951,9,30,7
1951-08-31,,,23.9401,,,6519,,,16.7731,57.4,3.1,1951,8,31,5
1951-07-31,,,23.7066,,,6538,,,16.9341,57.6,3.1,1951,7,31,2
1951-06-30,,,23.841,,,6499,,,17.2025,57.1,3.2,1951,6,30,6
1951-05-31,,,23.9949,,,6417,,,17.283,57.6,3.0,1951,5,31,4
1951-04-30,,,24.0762,,,6451,,,17.3367,57.3,3.1,1951,4,30,1
1951-03-31,,,24.281,,,6410,,,17.3098,57.7,3.4,1951,3,31,6
1951-02-28,,,24.1094,,,6382,,,17.2293,57.0,3.4,1951,2,28,3
1951-01-31,,,23.7976,,,6352,,,17.1219,56.9,3.7,1951,1,31,3
1950-12-31,,,23.2292,,,6314,,,17.0683,56.7,4.3,1950,12,31,7
1950-11-30,,,23.2586,,,6262,,,16.7731,56.9,4.2,1950,11,30,4
1950-10-31,,,23.2422,,,6249,,,16.7999,56.9,4.2,1950,10,31,2
1950-09-30,,,23.1716,,,6228,,,16.6926,56.6,4.4,1950,9,30,6
1950-08-31,,,22.7283,,,6187,,,16.7999,56.8,4.5,1950,8,31,4
1950-07-31,,,22.0863,,,6090,,,16.29,56.1,5.0,1950,7,31,1
1950-06-30,,,21.1188,,,6022,,,15.7801,56.2,5.4,1950,6,30,5
1950-05-31,,,20.6217,,,6043,,,15.3239,55.8,5.5,1950,5,31,3
1950-04-30,,,20.1484,,,6094,,,14.975,55.8,5.8,1950,4,30,7
1950-03-31,,,19.7348,,,6078,,,14.4919,55.1,6.3,1950,3,31,5
1950-02-28,,,19.3716,,,5926,,,14.0357,55.1,6.4,1950,2,28,2
1950-01-31,,,19.0509,,,5934,,,13.982,55.1,6.5,1950,1,31,2
1949-12-31,,,18.7722,,,5952,,,13.7405,55.3,6.6,1949,12,31,6
1949-11-30,,,18.436,,,5950,,,13.499,55.6,6.4,1949,11,30,3
1949-10-31,,,18.0213,,,5970,,,13.1501,54.9,7.9,1949,10,31,1
1949-09-30,,,17.6952,,,5990,,,13.66,55.3,6.6,1949,9,30,5
1949-08-31,,,17.3555,,,5985,,,13.5258,55.1,6.8,1949,8,31,3
1949-07-31,,,17.0611,,,5962,,,13.3916,55.0,6.7,1949,7,31,7
1949-06-30,,,16.8609,,,5956,,,13.4185,55.0,6.2,1949,6,30,4
1949-05-31,,,16.6381,,,5962,,,13.4453,55.4,6.1,1949,5,31,2
1949-04-30,,,16.4132,,,5948,,,13.6332,55.7,5.3,1949,4,30,6
1949-03-31,,,16.093,,,5915,,,13.7137,56.0,5.0,1949,3,31,4
1949-02-28,,,16.0093,,,5893,,,13.982,56.2,4.7,1949,2,28,1
1949-01-31,,,15.9017,,,5894,,,14.1162,56.2,4.3,1949,1,31,1
1948-12-31,,,15.8032,,,5888,,,14.2504,56.8,4.0,1948,12,31,5
1948-11-30,,,15.6034,,,5869,,,14.3846,56.5,3.8,1948,11,30,2
1948-10-31,,,15.5796,,,5829,,,14.5725,56.5,3.7,1948,10,31,7
1948-09-30,,,15.5151,,,5805,,,14.4651,56.6,3.8,1948,9,30,4
1948-08-31,,,15.2297,,,5791,,,14.5724,56.6,3.9,1948,8,31,2
1948-07-31,,,15.0416,,,5774,,,14.6261,57.1,3.6,1948,7,31,6
1948-06-30,,,14.7753,,,5736,,,14.6261,57.0,3.6,1948,6,30,3
1948-05-31,,,14.5003,,,5681,,,14.4383,56.2,3.5,1948,5,31,1
1948-04-30,,,14.2641,,,5643,,,14.1967,56.7,3.9,1948,4,30,5
1948-03-31,,,13.9212,,,5623,,,14.1699,56.1,4.0,1948,3,31,3
1948-02-29,,,13.5243,,,5615,,,14.3309,56.7,3.8,1948,2,29,7
1948-01-31,,,13.2286,,,5624,,,14.3041,56.6,3.4,1948,1,31,6
1947-12-31,,,12.8556,,,5605,,,14.2236,,,1947,12,31,3
1947-11-30,,,12.5349,,,5585,,,14.1699,,,1947,11,30,7
1947-10-31,,,12.2051,,,5566,,,13.982,,,1947,10,31,5
1947-09-30,,,11.8603,,,5539,,,13.8479,,,1947,9,30,2
1947-08-31,,,11.5829,,,5519,,,13.7405,,,1947,8,31,7
1947-07-31,,,11.3641,,,5524,,,13.66,,,1947,7,31,4
1947-06-30,,,11.1357,,,5524,,,13.7405,,,1947,6,30,1
1947-05-31,,,10.9263,,,5551,,,13.7405,,,1947,5,31,6
1947-04-30,,,10.6459,,,5558,,,13.6868,,,1947,4,30,3
1947-03-31,,,10.3459,,,5588,,,13.7942,,,1947,3,31,1
1947-02-28,,,10.089,,,5606,,,13.7137,,,1947,2,28,5
1947-01-31,,,9.7702,,,5619,,,13.6332,,,1947,1,31,5
1946-12-31,,,9.4444,,,5628,,,13.4721,,,1946,12,31,2
1946-11-30,,,9.2183,,,5639,,,13.3916,,,1946,11,30,6
1946-10-31,,,8.8951,,,5664,,,13.3111,,,1946,10,31,4
1946-09-30,,,8.5996,,,5669,,,13.0696,,,1946,9,30,1
1946-08-31,,,8.3452,,,5681,,,12.828,,,1946,8,31,6
1946-07-31,,,7.9336,,,5682,,,12.3718,,,1946,7,31,3
1946-06-30,,,7.7022,,,5680,,,11.9693,,,1946,6,30,7
1946-05-31,,,7.5324,,,5732,,,11.2715,,,1946,5,31,5
1946-04-30,,,7.3332,,,5761,,,11.7009,,,1946,4,30,2
1946-03-31,,,7.0055,,,5758,,,11.9156,,,1946,3,31,7
1946-02-28,,,6.766,,,5778,,,10.7884,,,1946,2,28,4
1946-01-31,,,6.5045,,,5785,,,11.352,,,1946,1,31,4
1945-12-31,,,6.5671,,,5811,,,12.0229,,,1945,12,31,1
1945-11-30,,,6.0956,,,5830,,,11.9693,,,1945,11,30,5
1945-10-31,,,5.932,,,5854,,,11.5399,,,1945,10,31,3
1945-09-30,,,5.7583,,,5942,,,12.0229,,,1945,9,30,7
1945-08-31,,,5.767,,,6135,,,13.2038,,,1945,8,31,5
1945-07-31,,,5.7488,,,6185,,,14.7335,,,1945,7,31,2
1945-06-30,,,5.7045,,,6181,,,15.0824,,,1945,6,30,6
1945-05-31,,,5.6053,,,6159,,,15.4312,,,1945,5,31,4
1945-04-30,,,5.5825,,,6185,,,15.8606,,,1945,4,30,1
1945-03-31,,,5.6677,,,6216,,,16.1558,,,1945,3,31,6
1945-02-28,,,5.5738,,,6239,,,16.2632,,,1945,2,28,3
1945-01-31,,,5.6027,,,6254,,,16.3168,,,1945,1,31,3
1944-12-31,,,5.5857,,,6375,,,16.4779,,,1944,12,31,7
1944-11-30,,,5.5701,,,6263,,,16.5315,,,1944,11,30,4
1944-10-31,,,5.5659,,,6223,,,16.6657,,,1944,10,31,2
1944-09-30,,,5.5492,,,6216,,,16.6121,,,1944,9,30,6
1944-08-31,,,5.534,,,6204,,,16.7194,,,1944,8,31,4
1944-07-31,,,5.4982,,,6190,,,16.5047,,,1944,7,31,1
1944-06-30,,,5.4678,,,6147,,,16.5315,,,1944,6,30,5
1944-05-31,,,5.4305,,,6121,,,16.5852,,,1944,5,31,3
1944-04-30,,,5.3792,,,6112,,,16.6926,,,1944,4,30,7
1944-03-31,,,5.3704,,,6113,,,16.6926,,,1944,3,31,5
1944-02-29,,,5.3544,,,6129,,,16.7194,,,1944,2,29,2
1944-01-31,,,5.3986,,,6162,,,16.5852,,,1944,1,31,1
1943-12-31,,,5.4625,,,6271,,,16.3973,,,1943,12,31,5
1943-11-30,,,5.5769,,,6179,,,16.6121,,,1943,11,30,2
1943-10-31,,,5.6507,,,6170,,,16.3974,,,1943,10,31,7
1943-09-30,,,5.6476,,,6167,,,16.1558,,,1943,9,30,4
1943-08-31,,,5.6388,,,6151,,,15.7533,,,1943,8,31,2
1943-07-31,,,5.7184,,,6257,,,15.4312,,,1943,7,31,6
1943-06-30,,,5.8222,,,6324,,,14.975,,,1943,6,30,3
1943-05-31,,,5.9363,,,6281,,,15.0555,,,1943,5,31,1
1943-04-30,,,6.1258,,,6267,,,14.9482,,,1943,4,30,5
1943-03-31,,,6.2342,,,6257,,,14.7603,,,1943,3,31,3
1943-02-28,,,6.463,,,6223,,,14.653,,,1943,2,28,7
1943-01-31,,,6.5778,,,6132,,,14.2773,,,1943,1,31,7
1942-12-31,,,,,,6072,,,14.1431,,,1942,12,31,4
1942-11-30,,,,,,6026,,,13.821,,,1942,11,30,1
1942-10-31,,,,,,5956,,,13.499,,,1942,10,31,6
1942-09-30,,,,,,5866,,,13.0696,,,1942,9,30,3
1942-08-31,,,,,,5814,,,12.7744,,,1942,8,31,1
1942-07-31,,,,,,5591,,,12.3987,,,1942,7,31,5
1942-06-30,,,,,,5510,,,12.1035,,,1942,6,30,2
1942-05-31,,,,,,5431,,,12.0766,,,1942,5,31,7
1942-04-30,,,,,,5357,,,12.0498,,,1942,4,30,4
1942-03-31,,,,,,5257,,,12.3987,,,1942,3,31,2
1942-02-28,,,,,,5146,,,12.2645,,,1942,2,28,6
1942-01-31,,,,,,5089,,,12.0498,,,1942,1,31,6
1941-12-31,,,,,,4971,,,11.8082,,,1941,12,31,3
1941-11-30,,,,,,4949,,,11.6204,,,1941,11,30,7
1941-10-31,,,,,,4907,,,11.5667,,,1941,10,31,5
1941-09-30,,,,,,4891,,,11.4594,,,1941,9,30,2
1941-08-31,,,,,,4821,,,11.4594,,,1941,8,31,7
1941-07-31,,,,,,4750,,,11.3252,,,1941,7,31,4
1941-06-30,,,,,,4701,,,11.191,,,1941,6,30,1
1941-05-31,,,,,,4642,,,11.1105,,,1941,5,31,6
1941-04-30,,,,,,4585,,,10.6274,,,1941,4,30,3
1941-03-31,,,,,,4535,,,10.6006,,,1941,3,31,1
1941-02-28,,,,,,4504,,,10.2785,,,1941,2,28,5
1941-01-31,,,,,,4468,,,9.9833,,,1941,1,31,5
1940-12-31,,,,,,4415,,,9.7418,,,1940,12,31,2
1940-11-30,,,,,,4396,,,9.4198,,,1940,11,30,6
1940-10-31,,,,,,4353,,,9.2051,,,1940,10,31,4
1940-09-30,,,,,,4312,,,9.0709,,,1940,9,30,1
1940-08-31,,,,,,4282,,,8.883,,,1940,8,31,6
1940-07-31,,,,,,4261,,,8.8293,,,1940,7,31,3
1940-06-30,,,,,,4218,,,8.722,,,1940,6,30,7
1940-05-31,,,,,,4172,,,8.4536,,,1940,5,31,5
1940-04-30,,,,,,4152,,,8.2121,,,1940,4,30,2
1940-03-31,,,,,,4151,,,8.0511,,,1940,3,31,7
1940-02-29,,,,,,4150,,,8.2389,,,1940,2,29,4
1940-01-31,,,,,,4150,,,8.5073,,,1940,1,31,3
1939-12-31,,,,,,4134,,,8.6147,,,1939,12,31,7
1939-11-30,,,,,,4109,,,8.6147,,,1939,11,30,4
1939-10-31,,,,,,4089,,,8.4,,,1939,10,31,2
1939-09-30,,,,,,4076,,,7.9974,,,1939,9,30,6
1939-08-31,,,,,,4046,,,7.5412,,,1939,8,31,4
1939-07-31,,,,,,4019,,,7.4338,,,1939,7,31,1
1939-06-30,,,,,,4003,,,7.2191,,,1939,6,30,5
1939-05-31,,,,,,4006,,,7.0581,,,1939,5,31,3
1939-04-30,,,,,,4002,,,7.0849,,,1939,4,30,7
1939-03-31,,,,,,4002,,,7.1118,,,1939,3,31,5
1939-02-28,,,,,,4001,,,7.0849,,,1939,2,28,2
1939-01-31,,,,,,3988,,,7.0313,,,1939,1,31,2
1938-12-31,,,,,,,,,7.0313,,,1938,12,31,6
1938-11-30,,,,,,,,,6.9508,,,1938,11,30,3
1938-10-31,,,,,,,,,6.6824,,,1938,10,31,1
1938-09-30,,,,,,,,,6.5214,,,1938,9,30,5
1938-08-31,,,,,,,,,6.3335,,,1938,8,31,3
1938-07-31,,,,,,,,,6.0115,,,1938,7,31,7
1938-06-30,,,,,,,,,5.6894,,,1938,6,30,4
1938-05-31,,,,,,,,,5.6358,,,1938,5,31,2
1938-04-30,,,,,,,,,5.7699,,,1938,4,30,6
1938-03-31,,,,,,,,,5.8773,,,1938,3,31,4
1938-02-28,,,,,,,,,5.8773,,,1938,2,28,1
1938-01-31,,,,,,,,,5.931,,,1938,1,31,1
1937-12-31,,,,,,,,,6.0651,,,1937,12,31,5
1937-11-30,,,,,,,,,6.6556,,,1937,11,30,2
1937-10-31,,,,,,,,,7.3802,,,1937,10,31,7
1937-09-30,,,,,,,,,7.9706,,,1937,9,30,4
1937-08-31,,,,,,,,,8.2389,,,1937,8,31,2
1937-07-31,,,,,,,,,8.2926,,,1937,7,31,6
1937-06-30,,,,,,,,,8.2389,,,1937,6,30,3
1937-05-31,,,,,,,,,8.3463,,,1937,5,31,1
1937-04-30,,,,,,,,,8.3195,,,1937,4,30,5
1937-03-31,,,,,,,,,8.3194,,,1937,3,31,3
1937-02-28,,,,,,,,,8.1316,,,1937,2,28,7
1937-01-31,,,,,,,,,8.0242,,,1937,1,31,7
1936-12-31,,,,,,,,,8.0511,,,1936,12,31,4
1936-11-30,,,,,,,,,7.8096,,,1936,11,30,1
1936-10-31,,,,,,,,,7.5948,,,1936,10,31,6
1936-09-30,,,,,,,,,7.4875,,,1936,9,30,3
1936-08-31,,,,,,,,,7.3533,,,1936,8,31,1
1936-07-31,,,,,,,,,7.246,,,1936,7,31,5
1936-06-30,,,,,,,,,7.1118,,,1936,6,30,2
1936-05-31,,,,,,,,,6.9776,,,1936,5,31,7
1936-04-30,,,,,,,,,6.8434,,,1936,4,30,4
1936-03-31,,,,,,,,,6.4409,,,1936,3,31,2
1936-02-29,,,,,,,,,6.3603,,,1936,2,29,6
1936-01-31,,,,,,,,,6.5214,,,1936,1,31,5
1935-12-31,,,,,,,,,6.6287,,,1935,12,31,2
1935-11-30,,,,,,,,,6.5482,,,1935,11,30,6
1935-10-31,,,,,,,,,6.414,,,1935,10,31,4
1935-09-30,,,,,,,,,6.2262,,,1935,9,30,1
1935-08-31,,,,,,,,,6.0651,,,1935,8,31,6
1935-07-31,,,,,,,,,5.8504,,,1935,7,31,3
1935-06-30,,,,,,,,,5.8504,,,1935,6,30,7
1935-05-31,,,,,,,,,5.7699,,,1935,5,31,5
1935-04-30,,,,,,,,,5.7699,,,1935,4,30,2
1935-03-31,,,,,,,,,5.8773,,,1935,3,31,7
1935-02-28,,,,,,,,,5.9041,,,1935,2,28,4
1935-01-31,,,,,,,,,5.7968,,,1935,1,31,4
1934-12-31,,,,,,,,,5.3674,,,1934,12,31,1
1934-11-30,,,,,,,,,5.0453,,,1934,11,30,5
1934-10-31,,,,,,,,,4.9917,,,1934,10,31,3
1934-09-30,,,,,,,,,4.777,,,1934,9,30,7
1934-08-31,,,,,,,,,5.0722,,,1934,8,31,5
1934-07-31,,,,,,,,,5.1259,,,1934,7,31,2
1934-06-30,,,,,,,,,5.5016,,,1934,6,30,6
1934-05-31,,,,,,,,,5.6089,,,1934,5,31,4
1934-04-30,,,,,,,,,5.5016,,,1934,4,30,1
1934-03-31,,,,,,,,,5.5016,,,1934,3,31,6
1934-02-28,,,,,,,,,5.26,,,1934,2,28,3
1934-01-31,,,,,,,,,5.0185,,,1934,1,31,3
1933-12-31,,,,,,,,,4.8575,,,1933,12,31,7
1933-11-30,,,,,,,,,4.8306,,,1933,11,30,4
1933-10-31,,,,,,,,,5.1259,,,1933,10,31,2
1933-09-30,,,,,,,,,5.3942,,,1933,9,30,6
1933-08-31,,,,,,,,,5.7163,,,1933,8,31,4
1933-07-31,,,,,,,,,5.9578,,,1933,7,31,1
1933-06-30,,,,,,,,,5.4479,,,1933,6,30,5
1933-05-31,,,,,,,,,4.7233,,,1933,5,31,3
1933-04-30,,,,,,,,,4.0524,,,1933,4,30,7
1933-03-31,,,,,,,,,3.784,,,1933,3,31,5
1933-02-28,,,,,,,,,4.0255,,,1933,2,28,2
1933-01-31,,,,,,,,,3.9987,,,1933,1,31,2
1932-12-31,,,,,,,,,4.0792,,,1932,12,31,6
1932-11-30,,,,,,,,,4.1597,,,1932,11,30,3
1932-10-31,,,,,,,,,4.1597,,,1932,10,31,1
1932-09-30,,,,,,,,,4.0255,,,1932,9,30,5
1932-08-31,,,,,,,,,3.784,,,1932,8,31,3
1932-07-31,,,,,,,,,3.6767,,,1932,7,31,7
1932-06-30,,,,,,,,,3.784,,,1932,6,30,4
1932-05-31,,,,,,,,,3.9182,,,1932,5,31,2
1932-04-30,,,,,,,,,4.0524,,,1932,4,30,6
1932-03-31,,,,,,,,,4.3476,,,1932,3,31,4
1932-02-29,,,,,,,,,4.4013,,,1932,2,29,1
1932-01-31,,,,,,,,,4.5086,,,1932,1,31,7
1931-12-31,,,,,,,,,4.6428,,,1931,12,31,4
1931-11-30,,,,,,,,,4.6696,,,1931,11,30,1
1931-10-31,,,,,,,,,4.7233,,,1931,10,31,6
1931-09-30,,,,,,,,,4.9112,,,1931,9,30,3
1931-08-31,,,,,,,,,5.1527,,,1931,8,31,1
1931-07-31,,,,,,,,,5.3405,,,1931,7,31,5
1931-06-30,,,,,,,,,5.4211,,,1931,6,30,2
1931-05-31,,,,,,,,,5.5552,,,1931,5,31,7
1931-04-30,,,,,,,,,5.6358,,,1931,4,30,4
1931-03-31,,,,,,,,,5.6089,,,1931,3,31,2
1931-02-28,,,,,,,,,5.5016,,,1931,2,28,6
1931-01-31,,,,,,,,,5.4747,,,1931,1,31,6
1930-12-31,,,,,,,,,5.5016,,,1930,12,31,3
1930-11-30,,,,,,,,,5.6358,,,1930,11,30,7
1930-10-31,,,,,,,,,5.7699,,,1930,10,31,5
1930-09-30,,,,,,,,,5.931,,,1930,9,30,2
1930-08-31,,,,,,,,,6.0383,,,1930,8,31,7
1930-07-31,,,,,,,,,6.1725,,,1930,7,31,4
1930-06-30,,,,,,,,,6.4677,,,1930,6,30,1
1930-05-31,,,,,,,,,6.6556,,,1930,5,31,6
1930-04-30,,,,,,,,,6.7629,,,1930,4,30,3
1930-03-31,,,,,,,,,6.8166,,,1930,3,31,1
1930-02-28,,,,,,,,,6.9239,,,1930,2,28,5
1930-01-31,,,,,,,,,6.9508,,,1930,1,31,5
1929-12-31,,,,,,,,,6.9508,,,1929,12,31,2
1929-11-30,,,,,,,,,7.2728,,,1929,11,30,6
1929-10-31,,,,,,,,,7.6485,,,1929,10,31,4
1929-09-30,,,,,,,,,7.7827,,,1929,9,30,1
1929-08-31,,,,,,,,,7.8364,,,1929,8,31,6
1929-07-31,,,,,,,,,7.9169,,,1929,7,31,3
1929-06-30,,,,,,,,,7.8096,,,1929,6,30,7
1929-05-31,,,,,,,,,7.7559,,,1929,5,31,5
1929-04-30,,,,,,,,,7.6217,,,1929,4,30,2
1929-03-31,,,,,,,,,7.4875,,,1929,3,31,7
1929-02-28,,,,,,,,,7.4607,,,1929,2,28,4
1929-01-31,,,,,,,,,7.4875,,,1929,1,31,4
1928-12-31,,,,,,,,,7.3802,,,1928,12,31,1
1928-11-30,,,,,,,,,7.246,,,1928,11,30,5
1928-10-31,,,,,,,,,7.1118,,,1928,10,31,3
1928-09-30,,,,,,,,,6.9776,,,1928,9,30,7
1928-08-31,,,,,,,,,6.9239,,,1928,8,31,5
1928-07-31,,,,,,,,,6.7897,,,1928,7,31,2
1928-06-30,,,,,,,,,6.7092,,,1928,6,30,6
1928-05-31,,,,,,,,,6.6556,,,1928,5,31,4
1928-04-30,,,,,,,,,6.575,,,1928,4,30,1
1928-03-31,,,,,,,,,6.6019,,,1928,3,31,6
1928-02-29,,,,,,,,,6.5482,,,1928,2,29,3
1928-01-31,,,,,,,,,6.4945,,,1928,1,31,2
1927-12-31,,,,,,,,,6.3603,,,1927,12,31,6
1927-11-30,,,,,,,,,6.3335,,,1927,11,30,3
1927-10-31,,,,,,,,,6.3335,,,1927,10,31,1
1927-09-30,,,,,,,,,6.4677,,,1927,9,30,5
1927-08-31,,,,,,,,,6.575,,,1927,8,31,3
1927-07-31,,,,,,,,,6.575,,,1927,7,31,7
1927-06-30,,,,,,,,,6.6556,,,1927,6,30,4
1927-05-31,,,,,,,,,6.6824,,,1927,5,31,2
1927-04-30,,,,,,,,,6.6287,,,1927,4,30,6
1927-03-31,,,,,,,,,6.7897,,,1927,3,31,4
1927-02-28,,,,,,,,,6.7092,,,1927,2,28,1
1927-01-31,,,,,,,,,6.6556,,,1927,1,31,1
1926-12-31,,,,,,,,,6.6824,,,1926,12,31,5
1926-11-30,,,,,,,,,6.7092,,,1926,11,30,2
1926-10-31,,,,,,,,,6.7361,,,1926,10,31,7
1926-09-30,,,,,,,,,6.7361,,,1926,9,30,4
1926-08-31,,,,,,,,,6.6287,,,1926,8,31,2
1926-07-31,,,,,,,,,6.5482,,,1926,7,31,6
1926-06-30,,,,,,,,,6.5214,,,1926,6,30,3
1926-05-31,,,,,,,,,6.4409,,,1926,5,31,1
1926-04-30,,,,,,,,,6.4945,,,1926,4,30,5
1926-03-31,,,,,,,,,6.4945,,,1926,3,31,3
1926-02-28,,,,,,,,,6.414,,,1926,2,28,7
1926-01-31,,,,,,,,,6.414,,,1926,1,31,7
1925-12-31,,,,,,,,,6.5214,,,1925,12,31,4
1925-11-30,,,,,,,,,6.4409,,,1925,11,30,1
1925-10-31,,,,,,,,,6.3067,,,1925,10,31,6
1925-09-30,,,,,,,,,6.0651,,,1925,9,30,3
1925-08-31,,,,,,,,,6.1457,,,1925,8,31,1
1925-07-31,,,,,,,,,6.253,,,1925,7,31,5
1925-06-30,,,,,,,,,6.092,,,1925,6,30,2
1925-05-31,,,,,,,,,6.1457,,,1925,5,31,7
1925-04-30,,,,,,,,,6.1725,,,1925,4,30,4
1925-03-31,,,,,,,,,6.1188,,,1925,3,31,2
1925-02-28,,,,,,,,,6.1188,,,1925,2,28,6
1925-01-31,,,,,,,,,6.1188,,,1925,1,31,6
1924-12-31,,,,,,,,,5.931,,,1924,12,31,3
1924-11-30,,,,,,,,,5.7699,,,1924,11,30,7
1924-10-31,,,,,,,,,5.6626,,,1924,10,31,5
1924-09-30,,,,,,,,,5.5284,,,1924,9,30,2
1924-08-31,,,,,,,,,5.3405,,,1924,8,31,7
1924-07-31,,,,,,,,,5.1527,,,1924,7,31,4
1924-06-30,,,,,,,,,5.2332,,,1924,6,30,1
1924-05-31,,,,,,,,,5.4747,,,1924,5,31,6
1924-04-30,,,,,,,,,5.7163,,,1924,4,30,3
1924-03-31,,,,,,,,,5.9041,,,1924,3,31,1
1924-02-29,,,,,,,,,6.0115,,,1924,2,29,5
1924-01-31,,,,,,,,,5.9041,,,1924,1,31,4
1923-12-31,,,,,,,,,5.7699,,,1923,12,31,1
1923-11-30,,,,,,,,,5.9041,,,1923,11,30,5
1923-10-31,,,,,,,,,5.9041,,,1923,10,31,3
1923-09-30,,,,,,,,,5.931,,,1923,9,30,7
1923-08-31,,,,,,,,,6.0651,,,1923,8,31,5
1923-07-31,,,,,,,,,6.1725,,,1923,7,31,2
1923-06-30,,,,,,,,,6.2262,,,1923,6,30,6
1923-05-31,,,,,,,,,6.2798,,,1923,5,31,4
1923-04-30,,,,,,,,,6.1993,,,1923,4,30,1
1923-03-31,,,,,,,,,6.0651,,,1923,3,31,6
1923-02-28,,,,,,,,,5.8773,,,1923,2,28,3
1923-01-31,,,,,,,,,5.7968,,,1923,1,31,3
1922-12-31,,,,,,,,,5.931,,,1922,12,31,7
1922-11-30,,,,,,,,,5.7699,,,1922,11,30,4
1922-10-31,,,,,,,,,5.5284,,,1922,10,31,2
1922-09-30,,,,,,,,,5.2332,,,1922,9,30,6
1922-08-31,,,,,,,,,4.9648,,,1922,8,31,4
1922-07-31,,,,,,,,,5.0722,,,1922,7,31,1
1922-06-30,,,,,,,,,5.0722,,,1922,6,30,5
1922-05-31,,,,,,,,,4.8306,,,1922,5,31,3
1922-04-30,,,,,,,,,4.5891,,,1922,4,30,7
1922-03-31,,,,,,,,,4.7501,,,1922,3,31,5
1922-02-28,,,,,,,,,4.5086,,,1922,2,28,2
1922-01-31,,,,,,,,,4.3207,,,1922,1,31,2
1921-12-31,,,,,,,,,4.1597,,,1921,12,31,6
1921-11-30,,,,,,,,,4.1866,,,1921,11,30,3
1921-10-31,,,,,,,,,4.2402,,,1921,10,31,1
1921-09-30,,,,,,,,,3.9987,,,1921,9,30,5
1921-08-31,,,,,,,,,3.9719,,,1921,8,31,3
1921-07-31,,,,,,,,,3.8377,,,1921,7,31,7
1921-06-30,,,,,,,,,3.8645,,,1921,6,30,4
1921-05-31,,,,,,,,,3.8914,,,1921,5,31,2
1921-04-30,,,,,,,,,3.784,,,1921,4,30,6
1921-03-31,,,,,,,,,3.784,,,1921,3,31,4
1921-02-28,,,,,,,,,3.8914,,,1921,2,28,1
1921-01-31,,,,,,,,,3.9719,,,1921,1,31,1
1920-12-31,,,,,,,,,4.2134,,,1920,12,31,5
1920-11-30,,,,,,,,,4.4818,,,1920,11,30,2
1920-10-31,,,,,,,,,4.8843,,,1920,10,31,7
1920-09-30,,,,,,,,,5.099,,,1920,9,30,4
1920-08-31,,,,,,,,,5.2869,,,1920,8,31,2
1920-07-31,,,,,,,,,5.26,,,1920,7,31,6
1920-06-30,,,,,,,,,5.3942,,,1920,6,30,3
1920-05-31,,,,,,,,,5.3405,,,1920,5,31,1
1920-04-30,,,,,,,,,5.2064,,,1920,4,30,5
1920-03-31,,,,,,,,,5.5016,,,1920,3,31,3
1920-02-29,,,,,,,,,5.6089,,,1920,2,29,7
1920-01-31,,,,,,,,,5.6089,,,1920,1,31,6
1919-12-31,,,,,,,,,5.1259,,,1919,12,31,3
1919-11-30,,,,,,,,,5.0453,,,1919,11,30,7
1919-10-31,,,,,,,,,5.1259,,,1919,10,31,5
1919-09-30,,,,,,,,,5.1795,,,1919,9,30,2
1919-08-31,,,,,,,,,5.2869,,,1919,8,31,7
1919-07-31,,,,,,,,,5.2064,,,1919,7,31,4
1919-06-30,,,,,,,,,4.9112,,,1919,6,30,1
1919-05-31,,,,,,,,,4.616,,,1919,5,31,6
1919-04-30,,,,,,,,,4.5891,,,1919,4,30,3
1919-03-31,,,,,,,,,4.5086,,,1919,3,31,1
1919-02-28,,,,,,,,,4.6428,,,1919,2,28,5
1919-01-31,,,,,,,,,4.8575,,,1919,1,31,5
